Match ID 18Char,Predicted Match Length
a1v2J0000027CXKQA2,37.470715
a1v2J0000027CXKQA2,37.526577
a1v2J0000027CXKQA2,37.55056
a1v2J0000027JFCQA2,50.15871
a1v2J0000027JFCQA2,50.183144
a1v2J0000027JFCQA2,50.194252
a1v2J0000027JFCQA2,50.227303
a1v2J0000027JFCQA2,50.29367
a1v2J0000027JFCQA2,50.31877
a1v2J0000027JFCQA2,50.22367
a1v2J0000027JFCQA2,50.23157
a1v2J0000027JFCQA2,50.33011
a1v2J0000027JFCQA2,50.326584
a1v2J0000027JFCQA2,50.33853
a1v2J0000027KBoQAM,43.91828
a1v2J0000027KBoQAM,43.994263
a1v2J0000027KBoQAM,44.005287
a1v2J0000027KBoQAM,44.03672
a1v2J0000027KBoQAM,44.04632
a1v2J0000027KBoQAM,44.131134
a1v2J0000027KBoQAM,44.07342
a1v2J0000027KBoQAM,44.120293
a1v2J0000027KBoQAM,44.063087
a1v2J0000027KCEQA2,36.86143
a1v2J0000027KCEQA2,36.874058
a1v2J0000027KCEQA2,36.928303
a1v2J0000027KCEQA2,36.941208
a1v2J0000027KCEQA2,36.927116
a1v2J0000027KCEQA2,36.917915
a1v2J0000027KCEQA2,36.925533
a1v2J0000027KCbQAM,45.249413
a1v2J0000027KCbQAM,45.247173
a1v2J0000027KCbQAM,45.251938
a1v2J0000027KCbQAM,45.30263
a1v2J0000027KCbQAM,45.25759
a1v2J0000027KCbQAM,45.29754
a1v2J0000027KCbQAM,45.297783
a1v2J0000027KCbQAM,45.308937
a1v2J0000027KCbQAM,45.34794
a1v2J0000027KWNQA2,57.40513
a1v2J0000027KWNQA2,57.4305
a1v2J0000027KWNQA2,57.418083
a1v2J0000027KWNQA2,57.431576
a1v2J0000027KWNQA2,57.360737
a1v2J0000027KWNQA2,57.384354
a1v2J0000027KWNQA2,57.445263
a1v2J0000027KWNQA2,57.338093
a1v2J0000027KoQQAU,39.96855
a1v2J0000027KoQQAU,39.982643
a1v2J0000027KoQQAU,39.982426
a1v2J0000027KoUQAU,39.551094
a1v2J0000027KoUQAU,39.59168
a1v2J0000027KoUQAU,39.55301
a1v2J0000027KoUQAU,39.55259
a1v2J0000027KoUQAU,39.59811
a1v2J0000027KoUQAU,39.63048
a1v2J0000027KoUQAU,39.64203
a1v2J0000027KoUQAU,39.61075
a1v2J0000027KoUQAU,39.638905
a1v2J0000027KoUQAU,39.634506
a1v2J0000027KoUQAU,39.64723
a1v2J0000027KoUQAU,39.648006
a1v2J0000027KoUQAU,39.66619
a1v2J0000027KoUQAU,39.66283
a1v2J0000027KoUQAU,39.66764
a1v2J0000027KovQAE,47.59833
a1v2J0000027KovQAE,47.655106
a1v2J0000027KovQAE,47.696613
a1v2J0000027KovQAE,47.694984
a1v2J0000027KovQAE,47.714375
a1v2J0000027KovQAE,47.69358
a1v2J0000027KovQAE,47.7225
a1v2J0000027KovQAE,47.725235
a1v2J0000027KpFQAU,39.62475
a1v2J0000027KpFQAU,39.668915
a1v2J0000027KpFQAU,39.642574
a1v2J0000027KsaQAE,63.511997
a1v2J0000027KsaQAE,63.52384
a1v2J0000027KsaQAE,63.53169
a1v2J0000027KsaQAE,63.535595
a1v2J0000027KsaQAE,63.54985
a1v2J0000027KsaQAE,63.5356
a1v2J0000027KsaQAE,63.553226
a1v2J0000027KsaQAE,63.5763
a1v2J0000027KsaQAE,63.568943
a1v2J0000027KsaQAE,63.568283
a1v2J0000027KsaQAE,63.61019
a1v2J0000027KsaQAE,63.632057
a1v2J0000027KsaQAE,63.69227
a1v2J0000027KsaQAE,63.704773
a1v2J0000027KsaQAE,63.711006
a1v2J0000027LR3QAM,52.607494
a1v2J0000027LR3QAM,52.616188
a1v2J0000027LR3QAM,52.620308
a1v2J0000027LR3QAM,52.62879
a1v2J0000027LR3QAM,52.618122
a1v2J0000027LR3QAM,52.669823
a1v2J0000027LR3QAM,52.629433
a1v2J0000027LR3QAM,52.63932
a1v2J0000027LR3QAM,52.62805
a1v2J0000027LR3QAM,52.659393
a1v2J0000027LR3QAM,52.672882
a1v2J0000027LR3QAM,52.672203
a1v2J0000027LR3QAM,52.68868
a1v2J0000027LR3QAM,52.72747
a1v2J0000027LR3QAM,52.73189
a1v2J0000027LR3QAM,52.713272
a1v2J0000027LR3QAM,52.74597
a1v2J0000027LR3QAM,52.759304
a1v2J0000027LR3QAM,52.76204
a1v2J0000027LR3QAM,52.8058
a1v2J0000027LRIQA2,38.910748
a1v2J0000027LRIQA2,38.905373
a1v2J0000027LRIQA2,38.849
a1v2J0000027LRIQA2,38.924805
a1v2J0000027LRIQA2,38.921295
a1v2J0000027LRIQA2,38.926773
a1v2J0000027LRIQA2,38.849552
a1v2J0000027LRIQA2,38.933693
a1v2J0000027LRIQA2,38.854897
a1v2J0000027LRIQA2,38.96353
a1v2J0000027LRIQA2,38.868736
a1v2J0000027LRIQA2,38.94116
a1v2J0000027LRIQA2,38.999336
a1v2J0000027LRIQA2,39.000954
a1v2J0000027LRIQA2,38.99575
a1v2J0000027LRIQA2,39.007828
a1v2J0000027LRIQA2,39.010674
a1v2J0000027LRIQA2,39.02317
a1v2J0000027LRIQA2,39.037186
a1v2J0000027LRIQA2,39.065815
a1v2J0000027LRIQA2,39.06759
a1v2J0000027LfeQAE,43.780457
a1v2J0000027LfeQAE,43.80873
a1v2J0000027LfeQAE,43.81199
a1v2J0000027LfeQAE,43.80325
a1v2J0000027LfeQAE,43.89573
a1v2J0000027LffQAE,38.99482
a1v2J0000027LffQAE,38.986465
a1v2J0000027LffQAE,38.981716
a1v2J0000027LffQAE,39.029762
a1v2J0000027LffQAE,39.043983
a1v2J0000027LffQAE,39.0104
a1v2J0000027LffQAE,39.07086
a1v2J0000027LffQAE,39.046906
a1v2J0000027LffQAE,39.107933
a1v2J0000027LffQAE,39.063572
a1v2J0000027LffQAE,39.113728
a1v2J0000027LffQAE,39.116455
a1v2J0000027LffQAE,39.110928
a1v2J0000027LffQAE,39.14901
a1v2J0000027LflQAE,46.584232
a1v2J0000027LflQAE,46.5976
a1v2J0000027LflQAE,46.585075
a1v2J0000027LflQAE,46.606762
a1v2J0000027LflQAE,46.521534
a1v2J0000027LflQAE,46.61968
a1v2J0000027LflQAE,46.598183
a1v2J0000027LgyQAE,45.781055
a1v2J0000027LgyQAE,45.859806
a1v2J0000027LgyQAE,45.82995
a1v2J0000027LgyQAE,45.71936
a1v2J0000027LgyQAE,45.84445
a1v2J0000027LhaQAE,37.367184
a1v2J0000027LhaQAE,37.472717
a1v2J0000027LhaQAE,37.4906
a1v2J0000027LhaQAE,37.515114
a1v2J0000027LhaQAE,37.5106
a1v2J0000027MG1QAM,39.75626
a1v2J0000027MG1QAM,39.762085
a1v2J0000027MG1QAM,39.79045
a1v2J0000027MG1QAM,39.766388
a1v2J0000027MvnQAE,40.312244
a1v2J0000027MvnQAE,40.323616
a1v2J0000027MvnQAE,40.29834
a1v2J0000027MvnQAE,40.36467
a1v2J0000027MvnQAE,40.358086
a1v2J0000027MwOQAU,39.933937
a1v2J0000027MwOQAU,39.95234
a1v2J0000027MwOQAU,40.00177
a1v2J0000027MwOQAU,39.829857
a1v2J0000027MwOQAU,40.00406
a1v2J0000027MwOQAU,39.988132
a1v2J0000027Mx4QAE,43.633667
a1v2J0000027Mx4QAE,43.60218
a1v2J0000027Mx4QAE,43.611446
a1v2J0000027Mx4QAE,43.642952
a1v2J0000027Mx4QAE,43.64122
a1v2J0000027Mx4QAE,43.598175
a1v2J0000027Mx4QAE,43.63137
a1v2J0000027NNkQAM,56.556328
a1v2J0000027NNkQAM,56.649693
a1v2J0000027NNkQAM,56.64791
a1v2J0000027NNkQAM,56.672832
a1v2J0000027NNkQAM,56.679047
a1v2J0000027NNkQAM,56.71511
a1v2J0000027NNkQAM,56.737427
a1v2J0000027NNkQAM,56.608227
a1v2J0000027NNkQAM,56.738808
a1v2J0000027NNkQAM,56.758434
a1v2J0000027NNkQAM,56.834663
a1v2J0000027NNkQAM,56.80447
a1v2J0000027NWEQA2,41.135384
a1v2J0000027NWEQA2,41.17621
a1v2J0000027NWEQA2,41.19235
a1v2J0000027NWEQA2,41.180836
a1v2J0000027NWEQA2,41.113003
a1v2J0000027NWEQA2,41.19207
a1v2J0000027NWEQA2,41.202595
a1v2J0000027NWcQAM,42.72825
a1v2J0000027NWcQAM,42.766235
a1v2J0000027NWcQAM,42.756943
a1v2J0000027NWcQAM,42.776848
a1v2J0000027NWcQAM,42.754173
a1v2J0000027NWcQAM,42.79668
a1v2J0000027NWcQAM,42.757904
a1v2J0000027NWcQAM,42.86466
a1v2J0000027NWcQAM,42.83106
a1v2J0000027NWcQAM,42.911034
a1v2J0000027NWcQAM,42.819496
a1v2J0000027NWcQAM,42.890205
a1v2J0000027NWcQAM,42.875053
a1v2J0000027NWcQAM,42.94149
a1v2J0000027NWcQAM,42.924713
a1v2J0000027O6JQAU,39.574738
a1v2J0000027O6JQAU,39.617764
a1v2J0000027O6JQAU,39.57209
a1v2J0000027O6JQAU,39.610264
a1v2J0000027O6dQAE,44.52043
a1v2J0000027O6dQAE,44.356102
a1v2J0000027O6dQAE,44.231964
a1v2J0000027O6dQAE,44.396072
a1v2J0000027O6dQAE,44.34651
a1v2J0000027O6dQAE,44.425106
a1v2J0000027O6dQAE,44.312065
a1v2J0000027O6dQAE,44.466003
a1v2J0000027O6dQAE,44.260548
a1v2J0000027O6dQAE,44.353477
a1v2J0000027O6dQAE,44.268234
a1v2J0000027O6dQAE,44.428295
a1v2J0000027O6dQAE,44.47061
a1v2J0000027O6dQAE,44.455414
a1v2J0000027O6dQAE,44.543518
a1v2J0000027O6dQAE,44.441597
a1v2J0000027O6kQAE,35.80723
a1v2J0000027O6kQAE,35.803825
a1v2J0000027O6kQAE,35.896313
a1v2J0000027O6kQAE,35.821434
a1v2J0000027O6kQAE,35.882748
a1v2J0000027OcbQAE,39.09121
a1v2J0000027OcbQAE,39.112328
a1v2J0000027OcbQAE,39.10583
a1v2J0000027Od5QAE,44.22197
a1v2J0000027Od5QAE,44.226456
a1v2J0000027Od5QAE,44.140404
a1v2J0000027Od5QAE,44.24613
a1v2J0000027Od5QAE,44.403637
a1v2J0000027Od5QAE,44.436058
a1v2J0000027Od5QAE,44.398064
a1v2J0000027PHoQAM,42.539577
a1v2J0000027PHoQAM,42.542015
a1v2J0000027PHoQAM,42.526733
a1v2J0000027PHoQAM,42.58281
a1v2J0000027PHoQAM,42.565926
a1v2J0000027PHoQAM,42.590286
a1v2J0000027PHoQAM,42.557236
a1v2J0000027PHoQAM,42.52008
a1v2J0000027PHoQAM,42.49212
a1v2J0000027PHoQAM,42.594925
a1v2J0000027PHoQAM,42.619995
a1v2J0000027PHoQAM,42.611923
a1v2J0000027PHoQAM,42.622726
a1v2J0000027PHoQAM,42.64389
a1v2J0000027PHoQAM,42.641556
a1v2J0000027PHoQAM,42.64432
a1v2J0000027PHoQAM,42.691673
a1v2J0000027PHoQAM,42.711678
a1v2J0000027PHoQAM,42.695713
a1v2J0000027PHoQAM,42.70116
a1v2J0000027PHoQAM,42.72554
a1v2J0000027PHoQAM,42.719902
a1v2J0000027PHoQAM,42.707848
a1v2J0000027PHoQAM,42.769196
a1v2J0000027PHoQAM,42.76365
a1v2J0000027PHoQAM,42.774666
a1v2J0000027PHoQAM,42.794197
a1v2J0000027PHoQAM,42.810375
a1v2J0000027QM4QAM,41.231396
a1v2J0000027QM4QAM,41.21196
a1v2J0000027QM4QAM,41.23496
a1v2J0000027QM4QAM,41.202057
a1v2J0000027QM4QAM,41.23457
a1v2J0000027QM4QAM,41.2169
a1v2J0000027QM4QAM,41.238
a1v2J0000027QM4QAM,41.20987
a1v2J0000027QM4QAM,41.205765
a1v2J0000027QM4QAM,41.207
a1v2J0000027QM4QAM,41.208588
a1v2J0000027QOTQA2,41.034386
a1v2J0000027QOWQA2,45.91909
a1v2J0000027QOWQA2,45.89304
a1v2J0000027QOWQA2,45.92292
a1v2J0000027QOWQA2,45.896935
a1v2J0000027QOWQA2,45.925556
a1v2J0000027QOWQA2,45.86
a1v2J0000027QOWQA2,45.9173
a1v2J0000027QOWQA2,45.98313
a1v2J0000027QOWQA2,45.974503
a1v2J0000027QOWQA2,45.95278
a1v2J0000027QOWQA2,45.977253
a1v2J0000027QOWQA2,45.972702
a1v2J0000027QOWQA2,45.992966
a1v2J0000027QOWQA2,46.007225
a1v2J0000027QOWQA2,46.018745
a1v2J0000027QvIQAU,38.762653
a1v2J0000027QvIQAU,38.742447
a1v2J0000027QvIQAU,38.76081
a1v2J0000027QvIQAU,38.699562
a1v2J0000027QvtQAE,39.023
a1v2J0000027QvtQAE,39.035328
a1v2J0000027QvtQAE,39.03809
a1v2J0000027QvtQAE,39.017006
a1v2J0000027QvtQAE,39.00195
a1v2J0000027QvtQAE,39.013493
a1v2J0000027QxMQAU,37.4773
a1v2J0000027QxMQAU,37.549923
a1v2J0000027QxMQAU,37.55594
a1v2J0000027QxMQAU,37.511032
a1v2J0000027QxMQAU,37.587708
a1v2J0000027QxMQAU,37.585873
a1v2J0000027QxMQAU,37.54132
a1v2J0000027QxMQAU,37.559265
a1v2J0000027QxMQAU,37.577568
a1v2J0000027QxMQAU,37.617977
a1v2J0000027TnXQAU,46.979523
a1v2J0000027TnXQAU,47.022423
a1v2J0000027TnXQAU,46.958557
a1v2J0000027TnXQAU,47.06832
a1v2J0000027TnXQAU,46.97519
a1v2J0000027TnXQAU,47.02766
a1v2J0000027TnXQAU,46.971443
a1v2J0000027UWXQA2,55.732616
a1v2J0000027UWXQA2,55.74942
a1v2J0000027UWXQA2,55.777992
a1v2J0000027UWXQA2,55.80934
a1v2J0000027UWXQA2,55.782448
a1v2J0000027UWXQA2,55.728813
a1v2J0000027UWXQA2,55.797436
a1v2J0000027UWXQA2,55.79514
a1v2J0000027UWXQA2,55.799362
a1v2J0000027UWXQA2,55.79155
a1v2J0000027VAVQA2,46.8041
a1v2J0000027VAVQA2,46.78744
a1v2J0000027VAVQA2,46.798546
a1v2J0000027VAVQA2,46.77455
a1v2J0000027WbEQAU,60.525867
a1v2J0000027WbEQAU,60.558533
a1v2J0000027WbEQAU,60.54789
a1v2J0000027WbEQAU,60.5242
a1v2J0000027WbEQAU,60.53733
a1v2J0000027WbEQAU,60.537804
a1v2J0000027WbEQAU,60.57525
a1v2J0000027Wk2QAE,48.297638
a1v2J0000027Wk2QAE,48.31842
a1v2J0000027Wk2QAE,48.32155
a1v2J0000027Wk2QAE,48.32988
a1v2J0000027Wk2QAE,48.347702
a1v2J0000027Wk2QAE,48.289707
a1v2J0000027Wk2QAE,48.350414
a1v2J0000027Wk2QAE,48.3305
a1v2J0000027Wk2QAE,48.374588
a1v2J0000027WnMQAU,58.10662
a1v2J0000027WnMQAU,58.11667
a1v2J0000027WnMQAU,58.04824
a1v2J0000027WnMQAU,58.132896
a1v2J0000027WnMQAU,58.018864
a1v2J0000027WnMQAU,58.155415
a1v2J0000027WnMQAU,58.120117
a1v2J0000027WnMQAU,58.126835
a1v2J0000027WnMQAU,58.1322
a1v2J0000027WnMQAU,58.23739
a1v2J0000027WnMQAU,58.198036
a1v2J0000027WnMQAU,58.1663
a1v2J0000027WnMQAU,58.273754
a1v2J0000027WnMQAU,58.3168
a1v2J0000027WnMQAU,58.313896
a1v2J0000027Xo3QAE,48.746494
a1v2J0000027Xo3QAE,48.769794
a1v2J0000027Xo3QAE,48.76603
a1v2J0000027Xo3QAE,48.75908
a1v2J0000027Xo3QAE,48.765182
a1v2J0000027Xo3QAE,48.78297
a1v2J0000027Xo3QAE,48.826183
a1v2J0000027Xo3QAE,48.79876
a1v2J0000027Xo3QAE,48.790234
a1v2J0000027Xo3QAE,48.47064
a1v2J0000027Xo3QAE,48.79553
a1v2J0000027Xo3QAE,48.853912
a1v2J0000027Xo3QAE,48.79603
a1v2J0000027Xo3QAE,48.82053
a1v2J0000027Xo3QAE,48.814293
a1v2J0000027ZddQAE,49.25684
a1v2J0000027ZddQAE,49.27068
a1v2J0000027ZddQAE,49.309982
a1v2J0000027ZddQAE,49.276787
a1v2J0000027ZddQAE,49.096947
a1v2J0000027ZddQAE,49.277397
a1v2J0000027ZddQAE,49.3394
a1v2J0000027ZddQAE,49.315712
a1v2J0000027ZddQAE,49.349377
a1v2J0000027ZddQAE,49.356712
a1v2J0000027ZddQAE,49.36811
a1v2J0000027ZddQAE,49.37088
a1v2J0000027ZddQAE,49.402878
a1v2J0000027ZddQAE,49.4276
a1v2J0000027ZddQAE,49.452953
a1v2J0000027ZddQAE,49.381523
a1v2J0000027ZddQAE,49.432213
a1v2J0000027ZddQAE,49.43817
a1v2J0000027ZddQAE,49.451454
a1v2J0000027ZddQAE,49.43923
a1v2J0000027ZddQAE,49.46277
a1v2J0000027ZddQAE,49.50398
a1v2J0000027aPNQAY,57.05096
a1v2J0000027aPNQAY,57.04293
a1v2J0000027aPNQAY,57.038452
a1v2J0000027aPNQAY,56.986694
a1v2J0000027aPNQAY,57.0543
a1v2J0000027aPNQAY,57.06105
a1v2J0000027aPNQAY,57.092606
a1v2J0000027aPNQAY,57.0725
a1v2J0000027aPNQAY,57.073288
a1v2J0000027aPNQAY,57.077362
a1v2J0000027aPNQAY,57.09747
a1v2J0000027aPNQAY,57.09444
a1v2J0000027aPNQAY,57.106136
a1v2J0000027aPNQAY,57.141777
a1v2J0000027aPNQAY,57.142155
a1v2J0000027aPNQAY,57.160805
a1v2J0000027du4QAA,55.15438
a1v2J0000027du4QAA,55.159897
a1v2J0000027du4QAA,55.13745
a1v2J0000027du4QAA,55.197224
a1v2J0000027du4QAA,55.129692
a1v2J0000027du4QAA,55.228577
a1v2J0000027du4QAA,55.204185
a1v2J0000027du4QAA,55.146397
a1v2J0000027eVXQAY,57.32881
a1v2J0000027eVXQAY,57.3471
a1v2J0000027eVXQAY,57.363686
a1v2J0000027eVXQAY,57.37937
a1v2J0000027eVXQAY,57.39071
a1v2J0000027eVXQAY,57.362183
a1v2J0000027eVXQAY,57.40394
a1v2J0000027eVXQAY,57.388836
a1v2J0000027eVXQAY,57.416054
a1v2J0000027eVXQAY,57.426292
a1v2J0000027eVXQAY,57.446613
a1v2J0000027eVXQAY,57.460304
a1v2J0000027eVXQAY,57.49466
a1v2J0000027eVXQAY,57.49018
a1v2J0000027eVXQAY,57.50082
a1v2J0000027eVXQAY,57.49784
a1v2J0000027eVXQAY,57.499825
a1v2J0000027eVXQAY,57.498795
a1v2J0000027eVXQAY,57.580105
a1v2J0000027eVXQAY,57.54002
a1v2J0000027eVXQAY,57.58638
a1v2J0000027eVXQAY,57.612755
a1v2J0000027eVXQAY,57.58377
a1v2J0000027eVXQAY,57.594025
a1v2J0000027gnpQAA,47.319347
a1v2J0000027gnpQAA,47.35061
a1v2J0000027gnpQAA,47.40047
a1v2J0000027gnpQAA,46.56403
a1v2J0000027gnpQAA,47.405582
a1v2J0000027gnpQAA,47.363358
a1v2J0000027gnpQAA,47.37803
a1v2J0000027q89QAA,57.525864
a1v2J0000027q89QAA,57.621468
a1v2J0000027q89QAA,57.581238
a1v2J0000027q89QAA,57.56695
a1v2J0000027q89QAA,57.5818
a1v2J0000027q89QAA,57.583744
a1v2J0000027q89QAA,57.578995
a1v2J0000027q89QAA,57.587414
a1v2J0000027q89QAA,57.597183
a1v2J0000027q89QAA,57.608475
a1v2J0000027q89QAA,57.59233
a1v2J0000027q89QAA,57.624466
a1v2J0000027qs0QAA,59.08252
a1v2J0000027qs0QAA,59.078186
a1v2J0000027qs0QAA,59.11386
a1v2J0000027qs0QAA,59.097927
a1v2J0000027qs0QAA,59.07258
a1v2J0000027qs0QAA,59.131866
a1v2J0000027qs0QAA,59.144905
a1v2J0000027qs0QAA,59.088776
a1v2J0000027qs0QAA,59.08716
a1v2J0000027qs0QAA,59.161034
a1v2J0000027qs0QAA,59.1528
a1v2J0000027qs0QAA,59.181667
a1v2J0000027rHAQAY,58.59339
a1v2J0000027rHAQAY,58.59898
a1v2J0000027rHAQAY,58.520653
a1v2J0000027rHAQAY,58.62461
a1v2J0000027rHAQAY,58.663883
a1v2J0000027rHAQAY,58.502167
a1v2J0000027tMWQAY,47.31009
a1v2J0000027tMWQAY,47.313858
a1v2J0000027tMWQAY,47.30779
a1v2J0000027tMWQAY,47.283325
a1v2J0000027tMWQAY,47.067513
a1v2J0000027tMWQAY,47.33663
a1v2J0000027tMWQAY,47.295208
a1v2J0000027twWQAQ,52.030937
a1v2J0000027twWQAQ,52.022606
a1v2J0000027twWQAQ,52.057438
a1v2J0000027twWQAQ,52.047646
a1v2J0000027twWQAQ,52.06436
a1v2J0000027twWQAQ,52.080433
a1v2J0000027twWQAQ,52.06276
a1v2J0000027twWQAQ,52.061653
a1v2J0000027twWQAQ,52.068985
a1v2J0000027twWQAQ,52.078327
a1v2J0000027twWQAQ,52.0903
a1v2J0000027uYHQAY,49.091133
a1v2J0000027uYHQAY,49.095287
a1v2J0000027uYHQAY,49.057426
a1v2J0000027uYHQAY,49.046234
a1v2J0000027uYHQAY,49.10322
a1v2J0000027uYHQAY,49.10173
a1v2J0000027uYHQAY,49.11727
a1v2J0000027ubqQAA,62.42449
a1v2J0000027ubqQAA,62.452785
a1v2J0000027ubqQAA,62.492897
a1v2J0000027ubqQAA,62.4792
a1v2J0000027ubqQAA,62.48997
a1v2J0000027ubqQAA,62.532074
a1v2J0000027ubqQAA,62.535294
a1v2J0000027udQQAQ,59.666656
a1v2J0000027udQQAQ,59.755386
a1v2J0000027udQQAQ,59.784615
a1v2J0000027udQQAQ,59.77151
a1v2J0000027udQQAQ,59.80485
a1v2J0000027udQQAQ,59.82799
a1v2J0000027udQQAQ,59.80653
a1v2J0000027udQQAQ,59.78411
a1v2J0000027udQQAQ,59.830738
a1v2J0000027udQQAQ,59.828316
a1v2J0000027vGVQAY,58.324104
a1v2J0000027vGVQAY,58.279747
a1v2J0000027vGVQAY,58.22832
a1v2J0000027vKuQAI,47.563713
a1v2J0000027vKuQAI,47.58397
a1v2J0000027vKuQAI,47.557487
a1v2J0000027vKuQAI,47.58159
a1v2J0000027vKuQAI,47.57416
a1v2J0000027vKuQAI,47.61593
a1v2J0000027vKuQAI,47.58783
a1v2J0000027vKuQAI,47.612698
a1v2J0000027w10QAA,58.38413
a1v2J0000027w10QAA,58.405563
a1v2J0000027w10QAA,58.380108
a1v2J0000027w10QAA,58.442547
a1v2J0000027w10QAA,58.42713
a1v2J0000027w10QAA,58.596245
a1v2J0000027w10QAA,58.45375
a1v2J0000027w10QAA,58.39799
a1v2J0000027w10QAA,58.47556
a1v2J0000027w10QAA,58.45091
a1v2J0000027w10QAA,58.164867
a1v2J0000027w10QAA,58.447643
a1v2J0000027w10QAA,58.474907
a1v2J0000027w10QAA,58.49517
a1v2J0000027w10QAA,58.54166
a1v2J0000027w10QAA,58.50444
a1v2J0000027w10QAA,58.523598
a1v2J0000027w10QAA,58.574913
a1v2J0000027w10QAA,58.522503
a1v2J0000027w10QAA,58.530426
a1v2J0000027w10QAA,58.290073
a1v2J0000027w10QAA,58.490635
a1v2J0000027w10QAA,58.614765
a1v2J0000027w10QAA,58.60485
a1v2J0000027w10QAA,58.74866
a1v2J0000027w10QAA,58.67093
a1v2J0000027wb6QAA,59.958412
a1v2J0000027wb6QAA,59.94883
a1v2J0000027wb6QAA,60.0607
a1v2J0000027wb6QAA,60.087265
a1v2J0000027wb6QAA,59.877354
a1v2J0000027wb6QAA,60.041443
a1v2J0000027wb6QAA,60.08355
a1v2J0000027wb6QAA,60.093357
a1v2J0000027zyIQAQ,54.809624
a1v2J0000027zyIQAQ,54.771454
a1v2J0000027zyIQAQ,54.764103
a1v2J000002807KQAQ,50.577785
a1v2J000002807KQAQ,50.650467
a1v2J000002807KQAQ,50.587547
a1v2J000002807KQAQ,50.637363
a1v2J000002807KQAQ,50.647934
a1v2J000002807KQAQ,50.665268
a1v2J000002807KQAQ,50.65529
a1v2J000002807KQAQ,50.530594
a1v2J000002807KQAQ,50.721123
a1v2J000002807KQAQ,50.71334
a1v2J000002807KQAQ,50.735687
a1v2J000002807KQAQ,50.50587
a1v2J000002807KQAQ,50.732944
a1v2J000002807KQAQ,50.783432
a1v2J000002807KQAQ,50.78362
a1v2J000002807KQAQ,50.802483
a1v2J000002807KQAQ,50.83481
a1v2J000002807KQAQ,50.843307
a1v2J000002807KQAQ,50.863983
a1v2J00000282zZQAQ,57.583946
a1v2J00000282zZQAQ,57.630768
a1v2J00000282zZQAQ,57.608078
a1v2J00000282zZQAQ,57.68725
a1v2J00000282zZQAQ,57.5811
a1v2J00000282zZQAQ,57.593742
a1v2J00000283tTQAQ,42.662132
a1v2J00000283tTQAQ,42.66542
a1v2J00000283tTQAQ,42.69079
a1v2J00000283tTQAQ,42.662292
a1v2J00000283tTQAQ,42.622025
a1v2J00000283tTQAQ,42.66092
a1v2J00000283tTQAQ,42.68702
a1v2J00000283tTQAQ,42.665596
a1v2J00000283tTQAQ,42.69464
a1v2J00000283tTQAQ,42.677357
a1v2J00000283tTQAQ,42.660194
a1v2J00000283tTQAQ,42.67288
a1v2J00000283tTQAQ,42.677765
a1v2J00000283tTQAQ,42.739624
a1v2J00000283tTQAQ,42.688354
a1v2J00000283tTQAQ,42.685642
a1v2J00000283tTQAQ,42.69654
a1v2J00000283tTQAQ,42.69613
a1v2J00000283tTQAQ,42.680347
a1v2J00000283tTQAQ,42.703575
a1v2J00000283tcQAA,57.01478
a1v2J00000283tcQAA,57.020767
a1v2J00000283tcQAA,57.01661
a1v2J00000283tcQAA,56.996475
a1v2J00000283tcQAA,57.11531
a1v2J00000283tcQAA,57.09922
a1v2J00000283tcQAA,57.055717
a1v2J00000283tcQAA,57.074554
a1v2J00000283tcQAA,57.09024
a1v2J00000283tcQAA,57.035294
a1v2J00000283tcQAA,57.08217
a1v2J00000283tcQAA,57.10787
a1v2J00000283tcQAA,57.126953
a1v2J00000283tcQAA,57.117065
a1v2J00000283tcQAA,57.126553
a1v2J00000283tcQAA,57.135548
a1v2J00000283tcQAA,57.140152
a1v2J00000283tcQAA,57.203804
a1v2J00000283tcQAA,57.167427
a1v2J00000283yFQAQ,56.458477
a1v2J00000283yFQAQ,56.47695
a1v2J00000283yFQAQ,56.49188
a1v2J000002851LQAQ,60.065617
a1v2J000002851LQAQ,60.08361
a1v2J000002851LQAQ,60.141876
a1v2J000002851LQAQ,60.155434
a1v2J000002851LQAQ,60.207607
a1v2J000002851LQAQ,60.248844
a1v2J000002851LQAQ,60.246506
a1v2J000002851LQAQ,60.278805
a1v2J00000285wlQAA,55.8281
a1v2J00000285wlQAA,55.84485
a1v2J00000285wlQAA,55.84886
a1v2J00000285wlQAA,55.851288
a1v2J00000285wlQAA,55.86132
a1v2J00000285wlQAA,55.787167
a1v2J00000285wlQAA,55.861744
a1v2J00000285wlQAA,55.857944
a1v2J00000285wlQAA,55.861958
a1v2J00000285wlQAA,55.842857
a1v2J00000285wlQAA,55.869133
a1v2J00000285wlQAA,55.89779
a1v2J00000285wlQAA,55.911034
a1v2J00000285wlQAA,55.901573
a1v2J00000285wlQAA,55.849686
a1v2J00000285wlQAA,55.885876
a1v2J00000285wlQAA,55.92382
a1v2J00000285wlQAA,55.926308
a1v2J00000285wlQAA,55.947384
a1v2J00000285wlQAA,55.96879
a1v2J00000285wlQAA,55.972893
a1v2J00000288D0QAI,57.30584
a1v2J00000288D0QAI,57.32515
a1v2J00000288D0QAI,57.4234
a1v2J00000288D0QAI,57.488125
a1v2J00000288D0QAI,56.973515
a1v2J00000288D0QAI,57.446903
a1v2J00000288D0QAI,57.5153
a1v2J00000288D0QAI,57.501144
a1v2J00000288D0QAI,57.571236
a1v2J00000288D0QAI,57.572037
a1v2J00000288D0QAI,57.122868
a1v2J00000288D0QAI,57.58197
a1v2J00000288D0QAI,57.626175
a1v2J00000288MJQAY,47.507713
a1v2J00000288MJQAY,47.55734
a1v2J00000288MJQAY,47.587234
a1v2J00000288MJQAY,47.610153
a1v2J00000288MJQAY,47.613983
a1v2J00000288MJQAY,47.60471
a1v2J00000288MJQAY,47.598984
a1v2J00000288MJQAY,47.617447
a1v2J00000288MJQAY,47.619873
a1v2J00000288MJQAY,47.598305
a1v2J00000288MJQAY,47.631195
a1v2J00000288MJQAY,47.67489
a1v2J00000288MJQAY,47.69615
a1v2J00000288MJQAY,47.715195
a1v2J00000288MJQAY,47.689926
a1v2J00000288MJQAY,47.719513
a1v2J00000288MJQAY,47.7592
a1v2J00000288MJQAY,47.771706
a1v2J00000288MJQAY,47.783623
a1v2J00000288MJQAY,47.796898
a1v2J00000288MJQAY,47.795105
a1v2J00000288MJQAY,47.812355
a1v2J00000288MJQAY,47.811344
a1v2J00000288MJQAY,47.813217
a1v2J00000288MJQAY,47.84039
a1v2J00000288MZQAY,54.40048
a1v2J00000288MZQAY,54.405178
a1v2J00000288MZQAY,54.31311
a1v2J00000288MZQAY,54.40274
a1v2J00000288MZQAY,54.395042
a1v2J00000288MZQAY,54.400047
a1v2J00000288MZQAY,54.343784
a1v2J00000288MZQAY,54.39994
a1v2J00000288MZQAY,54.42197
a1v2J00000288MZQAY,54.42838
a1v2J00000288MZQAY,54.424103
a1v2J00000288MZQAY,54.447075
a1v2J00000288MZQAY,54.48254
a1v2J00000288MZQAY,54.479855
a1v2J00000288rdQAA,57.129
a1v2J00000288rdQAA,57.191452
a1v2J00000288rdQAA,57.164238
a1v2J00000288rdQAA,57.179977
a1v2J00000288rdQAA,57.17906
a1v2J00000288rdQAA,57.16532
a1v2J00000288rdQAA,57.183975
a1v2J00000288rdQAA,57.177864
a1v2J00000288rdQAA,57.173813
a1v2J00000288rdQAA,57.257736
a1v2J00000288rdQAA,57.222576
a1v2J00000288rdQAA,57.23387
a1v2J00000288rdQAA,57.260468
a1v2J00000288rdQAA,57.299137
a1v2J00000288rdQAA,57.275017
a1v2J00000288rdQAA,57.32863
a1v2J00000288rdQAA,57.298714
a1v2J00000288rdQAA,57.278465
a1v2J00000288rdQAA,57.320267
a1v2J00000289bwQAA,58.110046
a1v2J00000289bwQAA,58.118656
a1v2J00000289bwQAA,58.100143
a1v2J00000289bwQAA,58.10913
a1v2J00000289bwQAA,58.13893
a1v2J00000289bwQAA,58.14654
a1v2J00000289bwQAA,58.10202
a1v2J00000289bwQAA,58.06034
a1v2J00000289bwQAA,58.172
a1v2J0000028BmbQAE,47.34607
a1v2J0000028BmbQAE,47.25237
a1v2J0000028BmbQAE,47.36445
a1v2J0000028BmbQAE,47.401085
a1v2J0000028BmbQAE,47.386444
a1v2J0000028BmbQAE,47.35787
a1v2J0000028BmbQAE,47.415375
a1v2J0000028BmbQAE,47.39422
a1v2J0000028BmbQAE,47.360073
a1v2J0000028BmbQAE,47.404076
a1v2J0000028BmbQAE,47.417038
a1v2J0000028BmbQAE,47.423515
a1v2J0000028BmbQAE,47.385796
a1v2J0000028BmbQAE,47.433937
a1v2J0000028BmbQAE,47.425343
a1v2J0000028BmbQAE,47.432198
a1v2J0000028DJfQAM,61.178024
a1v2J0000028DJfQAM,61.17383
a1v2J0000028DJfQAM,61.18373
a1v2J0000028DJfQAM,61.15378
a1v2J0000028DJfQAM,61.215725
a1v2J0000028DJfQAM,61.215206
a1v2J0000028DJfQAM,61.21266
a1v2J0000028DJfQAM,61.222244
a1v2J0000028DJfQAM,61.220646
a1v2J0000028DJfQAM,61.229534
a1v2J0000028DJfQAM,61.22612
a1v2J0000028EFYQA2,54.8768
a1v2J0000028FM2QAM,42.344383
a1v2J0000028FM2QAM,42.33779
a1v2J0000028FM2QAM,42.341465
a1v2J0000028FM2QAM,42.329933
a1v2J0000028FM2QAM,42.31266
a1v2J0000028GoyQAE,54.481773
a1v2J0000028GoyQAE,54.50566
a1v2J0000028GoyQAE,54.54683
a1v2J0000028GoyQAE,54.482056
a1v2J0000028GoyQAE,54.52568
a1v2J0000028GoyQAE,54.556858
a1v2J0000028GoyQAE,54.566372
a1v2J0000028GoyQAE,54.56867
a1v2J0000028IJmQAM,55.207466
a1v2J0000028IJmQAM,55.259125
a1v2J0000028IJmQAM,55.30223
a1v2J0000028IJmQAM,55.261536
a1v2J0000028IJmQAM,55.262985
a1v2J0000028IJmQAM,55.295826
a1v2J0000028IJmQAM,55.300575
a1v2J0000028IJmQAM,55.294083
a1v2J0000028IJmQAM,55.31127
a1v2J0000028IJmQAM,55.28493
a1v2J0000028IJmQAM,55.33187
a1v2J0000028IJmQAM,55.321198
a1v2J0000028IJmQAM,55.326977
a1v2J0000028IJmQAM,55.318546
a1v2J0000028IJmQAM,55.33937
a1v2J0000028J1XQAU,48.813263
a1v2J0000028J1XQAU,48.807236
a1v2J0000028J1XQAU,48.811447
a1v2J0000028J1XQAU,48.813755
a1v2J0000028J1XQAU,48.801556
a1v2J0000028J1XQAU,48.841698
a1v2J0000028J1XQAU,48.855858
a1v2J0000028J1XQAU,48.820343
a1v2J0000028J1XQAU,48.898773
a1v2J0000028J1XQAU,48.87061
a1v2J0000028Kq6QAE,58.31384
a1v2J0000028Kq6QAE,58.304924
a1v2J0000028Kq6QAE,58.3285
a1v2J0000028KuuQAE,59.97957
a1v2J0000028KuuQAE,59.99493
a1v2J0000028KuuQAE,60.007324
a1v2J0000028KuuQAE,60.018745
a1v2J0000028KuuQAE,60.05329
a1v2J0000028KuuQAE,60.020126
a1v2J0000028KuuQAE,60.060677
a1v2J0000028KuuQAE,60.07724
a1v2J0000028KuuQAE,60.103714
a1v2J0000028LLcQAM,49.498817
a1v2J0000028LLcQAM,49.529285
a1v2J0000028LLcQAM,49.538345
a1v2J0000028LLcQAM,49.48399
a1v2J0000028LLcQAM,49.5502
a1v2J0000028LLcQAM,49.504913
a1v2J0000028LLcQAM,49.557426
a1v2J0000028LLcQAM,49.520428
a1v2J0000028LLcQAM,49.555565
a1v2J0000028LLcQAM,49.55873
a1v2J0000028LLcQAM,49.53351
a1v2J0000028LhdQAE,58.942867
a1v2J0000028LhdQAE,58.990726
a1v2J0000028LhdQAE,58.98353
a1v2J0000028LhdQAE,58.990772
a1v2J0000028LhdQAE,58.917313
a1v2J0000028LhdQAE,58.99025
a1v2J0000028LhdQAE,59.02196
a1v2J0000028LhdQAE,58.991417
a1v2J0000028LhdQAE,59.033653
a1v2J0000028LhdQAE,59.049908
a1v2J0000028N78QAE,49.72919
a1v2J0000028N78QAE,49.742985
a1v2J0000028N78QAE,49.738594
a1v2J0000028N78QAE,49.71898
a1v2J0000028N78QAE,49.744072
a1v2J0000028N78QAE,50.041363
a1v2J0000028N78QAE,50.027405
a1v2J0000028NxqQAE,56.674675
a1v2J0000028NxqQAE,56.663895
a1v2J0000028NxqQAE,56.674908
a1v2J0000028NxqQAE,56.74032
a1v2J0000028NxqQAE,56.684692
a1v2J0000028NxqQAE,56.736473
a1v2J0000028NxqQAE,56.718285
a1v2J0000028NxqQAE,56.69803
a1v2J0000028NxqQAE,56.78979
a1v2J0000028NxqQAE,56.728523
a1v2J0000028NxqQAE,56.807487
a1v2J0000028NxqQAE,56.763206
a1v2J0000028NxqQAE,56.824936
a1v2J0000028NxqQAE,56.79122
a1v2J0000028NxqQAE,56.82605
a1v2J0000028NxqQAE,56.85838
a1v2J0000028NxqQAE,56.855534
a1v2J0000028O5OQAU,59.191917
a1v2J0000028O5OQAU,59.147903
a1v2J0000028O5OQAU,59.190315
a1v2J0000028O5OQAU,59.20033
a1v2J0000028O5OQAU,59.228973
a1v2J0000028O5OQAU,59.16166
a1v2J0000028O5OQAU,59.200737
a1v2J0000028O5OQAU,59.209282
a1v2J0000028O5OQAU,59.173717
a1v2J0000028O5OQAU,59.189754
a1v2J0000028O5OQAU,59.175316
a1v2J0000028O5OQAU,59.20095
a1v2J0000028O5OQAU,59.214138
a1v2J0000028O7SQAU,48.869423
a1v2J0000028O7SQAU,48.880836
a1v2J0000028O7SQAU,48.851982
a1v2J0000028O7SQAU,48.864914
a1v2J0000028O7SQAU,48.45719
a1v2J0000028O7SQAU,48.897682
a1v2J0000028O7SQAU,48.894333
a1v2J0000028O7wQAE,40.30879
a1v2J0000028O7wQAE,40.357227
a1v2J0000028O7wQAE,40.386154
a1v2J0000028O7wQAE,40.331093
a1v2J0000028TW2QAM,50.883736
a1v2J0000028TW2QAM,50.815296
a1v2J0000028UMsQAM,56.014862
a1v2J0000028UMsQAM,56.008907
a1v2J0000028UMsQAM,56.04837
a1v2J0000028UMsQAM,56.00907
a1v2J0000028UMsQAM,56.001026
a1v2J0000028UMsQAM,56.078587
a1v2J0000028UMsQAM,56.04763
a1v2J0000028UMsQAM,56.08148
a1v2J0000028UMsQAM,56.085114
a1v2J0000028UMsQAM,56.0856
a1v2J0000028UMsQAM,56.098167
a1v2J0000028UMsQAM,56.116516
a1v2J0000028UMsQAM,56.11004
a1v2J0000028UMsQAM,56.136696
a1v2J0000028UMsQAM,56.138664
a1v2J0000028UMsQAM,56.154305
a1v2J0000028UMsQAM,56.173115
a1v2J0000028UMsQAM,56.16706
a1v2J0000028UMsQAM,56.193184
a1v2J0000028UMsQAM,56.152145
a1v2J0000028VeMQAU,58.714348
a1v2J0000028VeMQAU,58.82759
a1v2J0000028VeMQAU,58.84152
a1v2J0000028VeMQAU,58.80743
a1v2J0000028VeMQAU,58.814285
a1v2J0000028VeMQAU,58.82798
a1v2J0000028VllQAE,58.515316
a1v2J0000028VllQAE,58.517532
a1v2J0000028VllQAE,58.55124
a1v2J0000028VllQAE,58.531006
a1v2J0000028VllQAE,58.445595
a1v2J0000028VllQAE,58.556717
a1v2J0000028VllQAE,58.535595
a1v2J0000028VllQAE,58.583923
a1v2J0000028VllQAE,58.589638
a1v2J0000028VwlQAE,57.38629
a1v2J0000028VwlQAE,57.403458
a1v2J0000028VwlQAE,57.399544
a1v2J0000028VwlQAE,57.32859
a1v2J0000028VwlQAE,57.403214
a1v2J0000028VwlQAE,57.429596
a1v2J0000028VwlQAE,57.30831
a1v2J0000028VwlQAE,57.439335
a1v2J0000028VwlQAE,57.43923
a1v2J0000028VwlQAE,57.443436
a1v2J0000028VwlQAE,57.45698
a1v2J0000028VwlQAE,57.48823
a1v2J0000028VwlQAE,57.50012
a1v2J0000028VwlQAE,57.512726
a1v2J0000028W6xQAE,57.656376
a1v2J0000028W6xQAE,57.652954
a1v2J0000028W6xQAE,57.647842
a1v2J0000028WquQAE,59.464348
a1v2J0000028WquQAE,59.47553
a1v2J0000028WquQAE,59.48416
a1v2J0000028WquQAE,59.486088
a1v2J0000028WquQAE,59.488956
a1v2J0000028WquQAE,59.51371
a1v2J0000028WquQAE,59.49662
a1v2J0000028WquQAE,59.53386
a1v2J0000028WquQAE,59.55523
a1v2J0000028WquQAE,59.529274
a1v2J0000028WquQAE,59.48944
a1v2J0000028WquQAE,59.59651
a1v2J0000028WquQAE,59.62755
a1v2J0000028WquQAE,59.648865
a1v2J0000028WquQAE,59.657326
a1v2J0000028WquQAE,59.712166
a1v2J0000028WquQAE,59.69616
a1v2J0000028WquQAE,59.762207
a1v2J0000028X6sQAE,62.28438
a1v2J0000028X6sQAE,62.277832
a1v2J0000028X6sQAE,62.269913
a1v2J0000028X6sQAE,62.32003
a1v2J0000028X6sQAE,62.3192
a1v2J0000028X6sQAE,62.28972
a1v2J0000028X6sQAE,62.24945
a1v2J0000028X9iQAE,59.5485
a1v2J0000028X9iQAE,59.629463
a1v2J0000028X9iQAE,59.69632
a1v2J0000028X9iQAE,59.676464
a1v2J0000028X9iQAE,59.717186
a1v2J0000028X9iQAE,59.684525
a1v2J0000028X9iQAE,59.723637
a1v2J0000028X9iQAE,59.729843
a1v2J0000028XlYQAU,58.987274
a1v2J0000028XlYQAU,59.01077
a1v2J0000028XlYQAU,59.008743
a1v2J0000028XlYQAU,58.996887
a1v2J0000028XlYQAU,59.001534
a1v2J0000028XlYQAU,59.019073
a1v2J0000028XlYQAU,59.01696
a1v2J0000028XlYQAU,59.03041
a1v2J0000028XlYQAU,59.077545
a1v2J0000028XlYQAU,59.08092
a1v2J0000028XlYQAU,59.076412
a1v2J0000028XlYQAU,59.05194
a1v2J0000028XlYQAU,59.063297
a1v2J0000028XlYQAU,59.098644
a1v2J0000028XlYQAU,59.083263
a1v2J0000028XlYQAU,59.13774
a1v2J0000028XlYQAU,59.15426
a1v2J0000028XlYQAU,59.17277
a1v2J0000028Y3yQAE,55.95777
a1v2J0000028Y3yQAE,55.946808
a1v2J0000028Y3yQAE,55.930626
a1v2J0000028Y3yQAE,55.98413
a1v2J0000028Y3yQAE,55.954964
a1v2J0000028Y3yQAE,56.00663
a1v2J0000028Y3yQAE,56.00439
a1v2J0000028Y3yQAE,56.003494
a1v2J0000028Y3yQAE,56.02694
a1v2J0000028Y3yQAE,56.025684
a1v2J0000028Y3yQAE,56.040714
a1v2J0000028Y3yQAE,56.034203
a1v2J0000028Y3yQAE,56.078274
a1v2J0000028Y6rQAE,56.38008
a1v2J0000028Y6rQAE,56.351242
a1v2J0000028Y6rQAE,56.350346
a1v2J0000028Y6rQAE,56.321625
a1v2J0000028Y6rQAE,56.343582
a1v2J0000028Y6rQAE,56.387444
a1v2J0000028Y6rQAE,56.386913
a1v2J0000028Y6rQAE,56.311043
a1v2J0000028Y6rQAE,56.386967
a1v2J0000028Y6rQAE,56.387634
a1v2J0000028Y6rQAE,56.43275
a1v2J0000028Y75QAE,55.8953
a1v2J0000028Y75QAE,55.948143
a1v2J0000028Y75QAE,55.95996
a1v2J0000028Y75QAE,56.010773
a1v2J0000028Y75QAE,56.011173
a1v2J0000028Y75QAE,56.04124
a1v2J0000028Y75QAE,56.063034
a1v2J0000028Y75QAE,56.073124
a1v2J0000028Y75QAE,56.067024
a1v2J0000028Y75QAE,56.061543
a1v2J0000028Y75QAE,56.09416
a1v2J0000028Y75QAE,56.147644
a1v2J0000028Y75QAE,56.110126
a1v2J0000028Y75QAE,56.18586
a1v2J0000028Y75QAE,56.221497
a1v2J0000028YKuQAM,54.16118
a1v2J0000028YKuQAM,54.236748
a1v2J0000028YKuQAM,54.252373
a1v2J0000028YKuQAM,54.178284
a1v2J0000028YKuQAM,54.17409
a1v2J0000028Z62QAE,56.787354
a1v2J0000028Z62QAE,56.788074
a1v2J0000028Z62QAE,56.780533
a1v2J0000028Z62QAE,56.816017
a1v2J0000028Z62QAE,56.77957
a1v2J0000028Z62QAE,56.8013
a1v2J0000028ZU7QAM,42.53453
a1v2J0000028ZVAQA2,54.794434
a1v2J0000028ZVAQA2,54.81569
a1v2J0000028ZVAQA2,54.84227
a1v2J0000028ZVAQA2,54.830963
a1v2J0000028ZVAQA2,54.841946
a1v2J0000028ZVAQA2,54.840942
a1v2J0000028ZVAQA2,54.84378
a1v2J0000028ZVAQA2,54.831085
a1v2J0000028ZVAQA2,54.79438
a1v2J0000028ZVAQA2,54.815815
a1v2J0000028ZVAQA2,54.83161
a1v2J0000028ZVAQA2,54.820553
a1v2J0000028ZVAQA2,54.8692
a1v2J0000028ZXTQA2,57.058395
a1v2J0000028ZXTQA2,57.037086
a1v2J0000028ZXTQA2,56.987648
a1v2J0000028ZXTQA2,56.9854
a1v2J0000028ZXTQA2,57.01133
a1v2J0000028ZYQQA2,54.923687
a1v2J0000028ZYQQA2,54.965103
a1v2J0000028ZYQQA2,55.187725
a1v2J0000028ZYQQA2,55.173462
a1v2J0000028ZYQQA2,55.19147
a1v2J0000028ZYQQA2,55.211346
a1v2J0000028ZYQQA2,55.214615
a1v2J0000028ZYQQA2,55.1756
a1v2J0000028ZYQQA2,55.220818
a1v2J0000028ZYQQA2,55.23185
a1v2J0000028ZYQQA2,55.23456
a1v2J0000028ZYQQA2,55.23798
a1v2J0000028ZYQQA2,55.24683
a1v2J0000028ZYQQA2,55.272373
a1v2J0000028aXHQAY,60.19439
a1v2J0000028aXHQAY,60.12837
a1v2J0000028aXHQAY,60.466095
a1v2J0000028aXHQAY,60.45564
a1v2J0000028aXHQAY,60.424446
a1v2J0000028aXHQAY,60.484035
a1v2J0000028aXHQAY,60.557114
a1v2J0000028aXHQAY,60.5272
a1v2J0000028aXHQAY,60.41307
a1v2J0000028aXHQAY,60.554
a1v2J0000028aaXQAQ,59.634155
a1v2J0000028aaXQAQ,59.634285
a1v2J0000028aaXQAQ,59.646473
a1v2J0000028aaXQAQ,59.651737
a1v2J0000028aaXQAQ,59.64279
a1v2J0000028aaXQAQ,59.479286
a1v2J0000028aopQAA,59.689568
a1v2J0000028aopQAA,59.828648
a1v2J0000028aopQAA,59.741814
a1v2J0000028aweQAA,60.404297
a1v2J0000028aweQAA,60.46825
a1v2J0000028aweQAA,60.454422
a1v2J0000028aweQAA,60.413025
a1v2J0000028aweQAA,60.461533
a1v2J0000028aweQAA,60.43766
a1v2J0000028dl1QAA,60.02323
a1v2J0000028dl1QAA,60.034866
a1v2J0000028dl1QAA,60.063564
a1v2J0000028dl1QAA,60.07202
a1v2J0000028dl1QAA,60.099354
a1v2J0000028dl1QAA,60.076374
a1v2J0000028dl1QAA,60.13485
a1v2J0000028dl1QAA,60.059498
a1v2J0000028dl1QAA,60.134445
a1v2J0000028dl1QAA,60.147926
a1v2J0000028dl1QAA,60.21172
a1v2J0000028dlzQAA,60.162903
a1v2J0000028dlzQAA,60.154957
a1v2J0000028dlzQAA,60.240665
a1v2J0000028dlzQAA,60.270145
a1v2J0000028dlzQAA,59.99337
a1v2J0000028dlzQAA,60.10992
a1v2J0000028emKQAQ,52.66519
a1v2J0000028emKQAQ,52.681385
a1v2J0000028emKQAQ,52.612633
a1v2J0000028emKQAQ,52.65157
a1v2J0000028emKQAQ,52.73079
a1v2J0000028emKQAQ,52.68503
a1v2J0000028etJQAQ,48.614708
a1v2J0000028etJQAQ,48.68711
a1v2J0000028etJQAQ,49.032288
a1v2J0000028etJQAQ,49.036697
a1v2J0000028etJQAQ,49.026882
a1v2J0000028f0WQAQ,50.696083
a1v2J0000028f0WQAQ,50.681538
a1v2J0000028f0WQAQ,50.699463
a1v2J0000028f0WQAQ,50.46868
a1v2J0000028f0WQAQ,50.73453
a1v2J0000028f0WQAQ,50.753372
a1v2J0000028f0WQAQ,50.776268
a1v2J0000028f0WQAQ,50.790115
a1v2J0000028f0WQAQ,50.786354
a1v2J0000028f0WQAQ,50.815742
a1v2J0000028f0WQAQ,50.845467
a1v2J0000028f0WQAQ,50.848465
a1v2J0000028goeQAA,55.273758
a1v2J0000028goeQAA,55.320942
a1v2J0000028goeQAA,55.34713
a1v2J0000028goeQAA,55.260963
a1v2J0000028goeQAA,55.394047
a1v2J0000028goeQAA,55.404495
a1v2J0000028goeQAA,55.417763
a1v2J0000028p0gQAA,58.80024
a1v2J0000028p0gQAA,58.74837
a1v2J0000028p0gQAA,58.815113
a1v2J0000028p0gQAA,58.846657
a1v2J0000028p0gQAA,58.800156
a1v2J0000028p0gQAA,58.85405
a1v2J0000028p0gQAA,58.834778
a1v2J0000028p0gQAA,58.828583
a1v2J0000028p0gQAA,58.840443
a1v2J0000028p0gQAA,58.833057
a1v2J0000028p0gQAA,58.855713
a1v2J0000028p0gQAA,58.852905
a1v2J0000028p0gQAA,58.594116
a1v2J0000028p0gQAA,58.900505
a1v2J0000028p0gQAA,58.87817
a1v2J0000028p0gQAA,58.91814
a1v2J0000028p0gQAA,58.93651
a1v2J0000028zlwQAA,36.673534
a1v2J0000028zlwQAA,36.68759
a1v2J0000028zlwQAA,36.67809
a1v2J0000028zlwQAA,36.67469
a1v2J0000028zlwQAA,36.646038
a1v2J0000028zmDQAQ,38.328114
a1v2J0000028zmDQAQ,38.34492
a1v2J0000029SQXQA2,41.253136
a1v2J0000029SQXQA2,41.192623
a1v2J0000029SQXQA2,41.209343
a1v2J0000029SQXQA2,41.205902
a1v2J0000029SQXQA2,41.221344
a1v2J0000029SQXQA2,41.2229
a1v2J0000029SQXQA2,41.222572
a1v2J0000029SQXQA2,41.214363
a1v2J0000029SQXQA2,41.254898
a1v2J0000029SQXQA2,41.245674
a1v2J0000029SQXQA2,41.24565
a1v2J0000029SQXQA2,41.251984
a1v2J0000029SQXQA2,41.260128
a1v2J0000029SQXQA2,41.261494
a1v2J0000029SQXQA2,41.24432
a1v2J0000029SQXQA2,41.28692
a1v2J0000029SQXQA2,41.310715
a1v2J0000029SQeQAM,38.91972
a1v2J0000029SQeQAM,39.018536
a1v2J0000029SQeQAM,38.953197
a1v2J0000029SQeQAM,39.020065
a1v2J0000029SQeQAM,38.94895
a1v2J0000029SQeQAM,39.01266
a1v2J0000029SQeQAM,38.95538
a1v2J0000029SQeQAM,38.938408
a1v2J0000029SQeQAM,38.985455
a1v2J0000029SQeQAM,38.90555
a1v2J0000029SQlQAM,40.24112
a1v2J0000029SQlQAM,40.303596
a1v2J0000029SQlQAM,40.366646
a1v2J0000029SQlQAM,40.388817
a1v2J0000029SQlQAM,40.340324
a1v2J0000029SQlQAM,40.37731
a1v2J0000029SQlQAM,40.40115
a1v2J0000029SQlQAM,40.423325
a1v2J0000029SQlQAM,40.362537
a1v2J0000029SQlQAM,40.43003
a1v2J0000029SQlQAM,40.443977
a1v2J0000029SQlQAM,40.500504
a1v2J0000029SQlQAM,40.473614
a1v2J0000029SQlQAM,40.489777
a1v2J0000029SQsQAM,39.717056
a1v2J0000029SQsQAM,39.61344
a1v2J0000029SQsQAM,39.724216
a1v2J0000029SQsQAM,39.705612
a1v2J0000029SQsQAM,39.730453
a1v2J0000029SQsQAM,39.68771
a1v2J0000029SQsQAM,39.730614
a1v2J0000029SQsQAM,39.773052
a1v2J0000029SQsQAM,39.758514
a1v2J0000029SQsQAM,39.784184
a1v2J0000029SQsQAM,39.80555
a1v2J0000029SQsQAM,39.80352
a1v2J0000029SQsQAM,39.837833
a1v2J000002AAnmQAG,40.603043
a1v2J000002AAnmQAG,40.612953
a1v2J000002AAnmQAG,40.64403
a1v2J000002AAnmQAG,40.61004
a1v2J000002AAnmQAG,40.642242
a1v2J000002AAnmQAG,40.61039
a1v2J000002AAnmQAG,40.629173
a1v2J000002AAorQAG,41.714108
a1v2J000002AAorQAG,41.746758
a1v2J000002AAorQAG,41.711357
a1v2J000002AAorQAG,41.73365
a1v2J000002AAorQAG,41.710754
a1v2J000002AB1PQAW,40.02323
a1v2J000002AB9bQAG,37.90784
a1v2J000002AB9bQAG,37.89936
a1v2J000002AB9bQAG,37.92486
a1v2J000002AB9bQAG,37.930573
a1v2J000002AB9bQAG,37.913147
a1v2J000002AB9bQAG,37.924923
a1v2J000002AB9bQAG,37.927074
a1v2J000002AB9bQAG,37.920235
a1v2J000002AB9bQAG,37.942703
a1v2J000002ABFaQAO,58.943542
a1v2J000002ABFaQAO,58.992874
a1v2J000002ABaYQAW,42.5498
a1v2J000002ABaYQAW,42.508762
a1v2J000002ABaYQAW,42.53743
a1v2J000002ABbFQAW,43.11375
a1v2J000002ABbFQAW,43.13758
a1v2J000002ABbFQAW,43.14118
a1v2J000002ABbSQAW,39.521336
a1v2J000002ABbSQAW,39.540333
a1v2J000002ABbSQAW,39.51318
a1v2J000002ABbSQAW,39.472412
a1v2J000002ABbSQAW,39.526997
a1v2J000002ABbSQAW,39.56934
a1v2J000002ABbwQAG,38.074154
a1v2J000002ABbwQAG,38.064083
a1v2J000002ABbwQAG,38.031013
a1v2J000002ABbwQAG,38.07904
a1v2J000002ABbwQAG,38.09688
a1v2J000002ABbwQAG,38.087643
a1v2J000002ABh9QAG,49.87425
a1v2J000002ABh9QAG,49.878304
a1v2J000002ABh9QAG,49.836964
a1v2J000002ABh9QAG,49.915672
a1v2J000002ABh9QAG,49.9001
a1v2J000002ABh9QAG,49.910458
a1v2J000002ABh9QAG,49.932934
a1v2J000002ABh9QAG,49.906754
a1v2J000002ABh9QAG,49.944065
a1v2J000002ABh9QAG,49.957153
a1v2J000002ABh9QAG,49.9413
a1v2J000002ABh9QAG,49.967163
a1v2J000002ABh9QAG,49.96838
a1v2J000002ABh9QAG,50.021862
a1v2J000002ABh9QAG,50.040695
a1v2J000002AC7PQAW,38.079216
a1v2J000002AC7PQAW,38.069176
a1v2J000002AC7PQAW,38.092415
a1v2J000002AC7PQAW,38.121826
a1v2J000002AC7PQAW,38.09307
a1v2J000002AC7PQAW,38.08901
a1v2J000002AC7kQAG,38.707214
a1v2J000002AC7kQAG,38.78331
a1v2J000002AC7kQAG,38.797764
a1v2J000002AC7kQAG,38.805897
a1v2J000002AC7kQAG,38.77412
a1v2J000002AC7kQAG,38.82419
a1v2J000002AC7kQAG,38.81778
a1v2J000002AC7kQAG,38.830013
a1v2J000002AC7kQAG,38.824596
a1v2J000002AC7kQAG,38.861588
a1v2J000002AC7kQAG,38.83323
a1v2J000002AC7kQAG,38.844627
a1v2J000002AC7kQAG,38.85611
a1v2J000002AC7kQAG,38.83876
a1v2J000002AC7kQAG,38.867416
a1v2J000002AC7kQAG,38.897057
a1v2J000002ADf4QAG,59.27934
a1v2J000002ADf4QAG,59.24844
a1v2J000002ADf4QAG,59.26593
a1v2J000002ADf4QAG,59.29698
a1v2J000002ADf4QAG,59.241875
a1v2J000002ADf4QAG,59.280754
a1v2J000002ADf4QAG,59.28927
a1v2J000002AEJLQA4,58.051846
a1v2J000002AEJLQA4,58.077255
a1v2J000002AEJLQA4,58.05886
a1v2J000002AEJLQA4,58.051636
a1v2J000002AEJLQA4,58.04896
a1v2J000002AEJLQA4,58.072697
a1v2J000002AEJLQA4,58.11238
a1v2J000002AEJLQA4,58.13807
a1v2J000002AEJLQA4,58.175426
a1v2J000002AEJLQA4,58.159416
a1v2J000002AEJLQA4,58.1607
a1v2J000002AEJLQA4,58.201553
a1v2J000002AEJLQA4,58.209995
a1v2J000002AETZQA4,57.39173
a1v2J000002AETZQA4,57.36027
a1v2J000002AETZQA4,57.33024
a1v2J000002AETZQA4,57.38568
a1v2J000002AETZQA4,57.394535
a1v2J000002AETZQA4,57.38542
a1v2J000002AETZQA4,57.4099
a1v2J000002AETZQA4,57.42388
a1v2J000002AETZQA4,57.392372
a1v2J000002AETZQA4,57.450962
a1v2J000002AETZQA4,57.473167
a1v2J000002AETZQA4,57.492794
a1v2J000002AETZQA4,57.530834
a1v2J000002AETZQA4,57.513515
a1v2J000002AEW2QAO,54.33452
a1v2J000002AEW2QAO,54.410107
a1v2J000002AEW2QAO,54.434875
a1v2J000002AEW2QAO,54.470795
a1v2J000002AF33QAG,60.08738
a1v2J000002AF33QAG,60.116047
a1v2J000002AF33QAG,60.10184
a1v2J000002AF33QAG,60.152973
a1v2J000002AF33QAG,60.187424
a1v2J000002AF33QAG,60.158085
a1v2J000002AF33QAG,60.161064
a1v2J000002AF33QAG,60.163948
a1v2J000002AF33QAG,60.18723
a1v2J000002AF33QAG,59.957336
a1v2J000002AF33QAG,60.213367
a1v2J000002AFTaQAO,57.127808
a1v2J000002AFTaQAO,57.153496
a1v2J000002AFTaQAO,57.182373
a1v2J000002AFTaQAO,57.18547
a1v2J000002AFTaQAO,57.21586
a1v2J000002AFTaQAO,57.23125
a1v2J000002AFTaQAO,57.20348
a1v2J000002AFTaQAO,57.194614
a1v2J000002AFTaQAO,57.226166
a1v2J000002AFTaQAO,57.229446
a1v2J000002AFTaQAO,57.220673
a1v2J000002AFTaQAO,57.249504
a1v2J000002AFTaQAO,57.220352
a1v2J000002AFTaQAO,57.24587
a1v2J000002AFTaQAO,57.261055
a1v2J000002AFTaQAO,57.27031
a1v2J000002AFTaQAO,57.27198
a1v2J000002AFTaQAO,57.301376
a1v2J000002AFTaQAO,57.315758
a1v2J000002AFTaQAO,57.286457
a1v2J000002AFTaQAO,57.315838
a1v2J000002AFTaQAO,57.314167
a1v2J000002AFTaQAO,57.313816
a1v2J000002AFTaQAO,57.363388
a1v2J000002AFTaQAO,57.36064
a1v2J000002AFTaQAO,57.367615
a1v2J000002AFTaQAO,57.425568
a1v2J000002AFTaQAO,57.43698
a1v2J000002AFTaQAO,57.422256
a1v2J000002AFTaQAO,57.419273
a1v2J000002AFTaQAO,57.412807
a1v2J000002AFTaQAO,57.453667
a1v2J000002AFUGQA4,56.335075
a1v2J000002AFUGQA4,56.31817
a1v2J000002AFUGQA4,56.322346
a1v2J000002AFUGQA4,56.30929
a1v2J000002AFUGQA4,56.30465
a1v2J000002AFUGQA4,56.330692
a1v2J000002AFUGQA4,56.339783
a1v2J000002AFUGQA4,56.418633
a1v2J000002AFUGQA4,56.338093
a1v2J000002cbx5QAA,28.603905
a1v2J000002cbx5QAA,28.60487
a1v2J000002cbx5QAA,28.617437
a1v2J000002cbx5QAA,28.628883
a1v2J000002cd46QAA,29.099201
a1v2J000002cd46QAA,29.08045
a1v2J000002cd46QAA,29.080223
a1v2J000002cd46QAA,29.104795
a1v2J000002cd46QAA,29.08006
a1v2J000002cd46QAA,29.020052
a1v2J000002cd46QAA,29.070522
a1v2J000002cd46QAA,29.077955
a1v2J000002cd46QAA,29.061571
a1v2J000002cd46QAA,29.082703
a1v2J000002cjEMQAY,28.188946
a1v2J000002cjEMQAY,28.193577
a1v2J000002cjEMQAY,28.1956
a1v2J000002cjEMQAY,28.176023
a1v2J000002cjEMQAY,28.197783
a1v2J000002cjEMQAY,28.196257
a1v2J000002cjEMQAY,28.19975
a1v2J000002cjEMQAY,28.19324
a1v2J000002cjEMQAY,28.206726
a1v2J000002cjEMQAY,28.206741
a1v2J000002eeJHQAY,38.871002
a1v2J000002eeJHQAY,38.89807
a1v2J000002eeJHQAY,38.831337
a1v2J000002eeJHQAY,38.820274
a1v2J000002eeJHQAY,38.868553
a1v2J000002eeJHQAY,38.878365
a1v2J000002eedMQAQ,39.49615
a1v2J000002eedMQAQ,39.5017
a1v2J000002eedMQAQ,39.41975
a1v2J000002eedMQAQ,39.250526
a1v2J000002eedMQAQ,39.5532
a1v2J000002eedMQAQ,39.568237
a1v2J000002eedMQAQ,39.50698
a1v2J000002eedMQAQ,39.56551
a1v2J000002effuQAA,46.354637
a1v2J000002effuQAA,46.411415
a1v2J000002effuQAA,46.442383
a1v2J000002effuQAA,46.46382
a1v2J000002effuQAA,46.449024
a1v2J000002effuQAA,46.456245
a1v2J000002effuQAA,46.45128
a1v2J000002effuQAA,46.44285
a1v2J000002effuQAA,46.446545
a1v2J000002effuQAA,46.44429
a1v2J000002effuQAA,46.467926
a1v2J000002effuQAA,46.461155
a1v2J000002effuQAA,46.51873
a1v2J000002effuQAA,46.464897
a1v2J000002effuQAA,46.487164
a1v2J000002effuQAA,46.484695
a1v2J000002effuQAA,46.60248
a1v2J000002effuQAA,46.49769
a1v2J000002effuQAA,46.526314
a1v2J000002effuQAA,46.499283
a1v2J000002egLyQAI,46.19812
a1v2J000002egLyQAI,45.485588
a1v2J000002egLyQAI,46.210938
a1v2J000002egLyQAI,46.194824
a1v2J000002egLyQAI,46.21994
a1v2J000002egLyQAI,46.214554
a1v2J000002egLyQAI,46.242638
a1v2J000002egLyQAI,46.246513
a1v2J000002egLyQAI,46.246002
a1v2J000002egLyQAI,46.255066
a1v2J000002egLyQAI,46.248566
a1v2J000002fADiQAM,44.988125
a1v2J000002fADiQAM,44.95983
a1v2J000002fADiQAM,44.970013
a1v2J000002fADiQAM,44.999058
a1v2J000002fADiQAM,44.996223
a1v2J000002fAHpQAM,44.56878
a1v2J000002fAHpQAM,44.582886
a1v2J000002fAHpQAM,44.577145
a1v2J000002fAHpQAM,44.580734
a1v2J000002fAHpQAM,44.573814
a1v2J000002fAHpQAM,44.573215
a1v2J000002fAHpQAM,44.58528
a1v2J000002fAHpQAM,44.59345
a1v2J000002fAHpQAM,44.590504
a1v2J000002fAHpQAM,44.59288
a1v2J000002fAHpQAM,44.555492
a1v2J000002fAHpQAM,44.598557
a1v2J000002fAHpQAM,44.597237
a1v2J000002fAHpQAM,44.609882
a1v2J000002fAHpQAM,44.527508
a1v2J000002fAHpQAM,44.64828
a1v2J000002fAHpQAM,44.645172
a1v2J000002fAHpQAM,44.66163
a1v2J000002fAHpQAM,44.67901
a1v2J000002fAHpQAM,44.667038
a1v2J000002fAHpQAM,44.682076
a1v2J000002fAHpQAM,44.673546
a1v2J000002fAHpQAM,44.686043
a1v2J000002fAHpQAM,44.733017
a1v2J000002fAHpQAM,44.72921
a1v2J000002fAHpQAM,44.72432
a1v2J000002fAHpQAM,44.685417
a1v2J000002fCbNQAU,46.953167
a1v2J000002fCbNQAU,46.978012
a1v2J000002fCbNQAU,47.01638
a1v2J000002fCbNQAU,46.97741
a1v2J000002fCbNQAU,46.976402
a1v2J000002fCbNQAU,46.96004
a1v2J000002fCbNQAU,46.972862
a1v2J000002fCbNQAU,46.99697
a1v2J000002fCbNQAU,47.00822
a1v2J000002fCbNQAU,46.994003
a1v2J000002fCbNQAU,46.991188
a1v2J000002fEuRQAU,44.222195
a1v2J000002fEuRQAU,44.229126
a1v2J000002fEuRQAU,44.222824
a1v2J000002fEuRQAU,44.226402
a1v2J000002fEuRQAU,44.230232
a1v2J000002fEuRQAU,44.230595
a1v2J000002fEuRQAU,44.24494
a1v2J000002fHFLQA2,43.397247
a1v2J000002fHFLQA2,43.40693
a1v2J000002fHFLQA2,43.409317
a1v2J000002fHFLQA2,43.403255
a1v2J000002fHG4QAM,45.79944
a1v2J000002fHG4QAM,45.776043
a1v2J000002fHG4QAM,45.78591
a1v2J000002fHG4QAM,45.79286
a1v2J000002fHG4QAM,45.80515
a1v2J000002fHG4QAM,45.802784
a1v2J000002fHG4QAM,45.81034
a1v2J000002fHG4QAM,45.798264
a1v2J000002fHG4QAM,45.811905
a1v2J000002fHG4QAM,45.824646
a1v2J000002fHG4QAM,45.84554
a1v2J000002fK6kQAE,45.533348
a1v2J000002fK6kQAE,45.535652
a1v2J000002fK6kQAE,45.56073
a1v2J000002fK6kQAE,45.542923
a1v2J000002fK6kQAE,45.574047
a1v2J000002fKJZQA2,44.92009
a1v2J000002fKJZQA2,44.93358
a1v2J000002fKJZQA2,44.910645
a1v2J000002fKJZQA2,44.9133
a1v2J000002fKJZQA2,44.966198
a1v2J000002fKJZQA2,44.926136
a1v2J000002fKJZQA2,44.93523
a1v2J000002fMw7QAE,44.805412
a1v2J000002fMw7QAE,44.806328
a1v2J000002fMw7QAE,44.77939
a1v2J000002fMw7QAE,44.793533
a1v2J000002fMw7QAE,44.775574
a1v2J000002fMw7QAE,44.7826
a1v2J000002fMw7QAE,44.78698
a1v2J000002fMw7QAE,44.675533
a1v2J000002fMw7QAE,44.79603
a1v2J000002fMw7QAE,44.811073
a1v2J000002fN9FQAU,44.876823
a1v2J000002fN9FQAU,44.888943
a1v2J000002fN9FQAU,44.865467
a1v2J000002fN9FQAU,44.896362
a1v2J000002fN9FQAU,44.879425
a1v2J000002fN9FQAU,44.87191
a1v2J000002fN9FQAU,44.87953
a1v2J000002fN9FQAU,44.879135
a1v2J000002fN9FQAU,44.896034
a1v2J000002fN9FQAU,44.87279
a1v2J000002fN9FQAU,44.89576
a1v2J000002fN9FQAU,44.872345
a1v2J000002fN9PQAU,45.35227
a1v2J000002fN9PQAU,45.35605
a1v2J000002fN9PQAU,45.343567
a1v2J000002fN9PQAU,45.358887
a1v2J000002fN9PQAU,45.349007
a1v2J000002fN9PQAU,45.347595
a1v2J000002fN9PQAU,45.3371
a1v2J000002fN9PQAU,45.36258
a1v2J000002fN9PQAU,45.3498
a1v2J000002fN9PQAU,45.40854
a1v2J000002fN9PQAU,45.405727
a1v2J000002fN9PQAU,45.41822
a1v2J000002fN9PQAU,45.40991
a1v2J000002fN9PQAU,45.472546
a1v2J000002fN9PQAU,45.479263
a1v2J000002fO5kQAE,45.251244
a1v2J000002fO5kQAE,45.182316
a1v2J000002fO5kQAE,45.21768
a1v2J000002fO5kQAE,45.246212
a1v2J000002fO5kQAE,45.239433
a1v2J000002fO5kQAE,45.27747
a1v2J000002fO5kQAE,45.30277
a1v2J000002fO5kQAE,45.297745
a1v2J000002fO5kQAE,45.335724
a1v2J000002fbMTQAY,37.828705
a1v2J000002fbMTQAY,37.833256
a1v2J000002fbMTQAY,37.839645
a1v2J000002fbMTQAY,37.834755
a1v2J000002fbMTQAY,37.8331
a1v2J000002fbMTQAY,37.821068
a1v2J000002fbMTQAY,37.8334
a1v2J000002fbMTQAY,37.844337
a1v2J000002fbMTQAY,37.840893
a1v2J000002fbMTQAY,37.84582
a1v2J000002fbMTQAY,37.844757
a1v2J000002fbMTQAY,37.837067
a1v2J000002fbMTQAY,37.862095
a1v2J000002ff32QAA,36.47958
a1v2J000002ff32QAA,36.49902
a1v2J000002ff32QAA,36.496727
a1v2J000002ff32QAA,36.478912
a1v2J000002ff32QAA,36.472878
a1v2J000002ff32QAA,36.494812
a1v2J000002flJcQAI,37.75789
a1v2J000002flJcQAI,37.75218
a1v2J000002flJcQAI,37.750523
a1v2J000002flJcQAI,37.759388
a1v2J000002flJcQAI,37.75618
a1v2J000002flJcQAI,37.77743
a1v2J000002flJcQAI,37.77122
a1v2J000002flJcQAI,37.79071
a1v2J000002flJcQAI,37.836853
a1v2J000002flJcQAI,37.768517
a1v2J000002flJcQAI,37.80724
a1v2J000002flJcQAI,37.790012
a1v2J000002uQOnQAM,59.20279
a1v2J000002uQOnQAM,59.308655
a1v2J000002uQOnQAM,59.100155
a1v2J000002uSkLQAU,57.771313
a1v2J000002uSkLQAU,57.710304
a1v2J000002uSkLQAU,57.76226
a1v2J000002uSkLQAU,57.722477
a1v2J000002uSkLQAU,57.750748
a1v2J000002uSkLQAU,57.760876
a1v2J000002uSkLQAU,57.77284
a1v2J000002uSkLQAU,57.763817
a1v2J000002uSkLQAU,57.719387
a1v2J000002uSkLQAU,57.78183
a1v2J000002uSkLQAU,57.781403
a1v2J000002uSkLQAU,57.744293
a1v2J000002uSkLQAU,57.810387
a1v2J000002uSkLQAU,57.820755
a1v2J000002uT62QAE,53.955597
a1v2J000002uT62QAE,53.946274
a1v2J000002uT62QAE,53.88361
a1v2J000002ubUZQAY,39.5082
a1v2J000002ubUZQAY,39.523224
a1v2J000002ubUZQAY,39.530983
a1v2J000002ubUZQAY,39.387287
a1v2J000002ubUZQAY,39.55612
a1v2J000002ubUZQAY,39.574837
a1v2J000002ubUZQAY,39.54218
a1v2J000002ubUZQAY,39.54637
a1v2J000002ubWBQAY,49.52708
a1v2J000002ubWBQAY,49.54335
a1v2J000002uc9lQAA,46.433666
a1v2J000002uc9lQAA,46.461178
a1v2J000002uc9lQAA,46.48918
a1v2J000002uc9lQAA,46.505486
a1v2J000002ueORQAY,40.897976
a1v2J000002ueORQAY,40.968674
a1v2J000002ufR9QAI,46.77971
a1v2J000002ufR9QAI,46.82678
a1v2J000002ufR9QAI,46.79708
a1v2J000002ugEfQAI,41.48196
a1v2J0000038Mv5QAE,44.956924
a1v2J0000038Mv5QAE,44.9562
a1v2J0000038Mv5QAE,44.966133
a1v2J0000038Mv5QAE,44.96183
a1v2J0000038Mv5QAE,44.96654
a1v2J0000038Mv5QAE,44.968792
a1v2J0000038Mv5QAE,44.969563
a1v2J0000038Mv5QAE,44.962795
a1v2J0000038Mv5QAE,44.960846
a1v2J0000038Mv5QAE,44.969894
a1v2J0000038NFMQA2,44.982246
a1v2J0000038NFMQA2,44.991684
a1v2J0000038NFMQA2,44.97074
a1v2J0000038NFMQA2,45.001637
a1v2J0000038NFMQA2,45.00888
a1v2J0000038NFMQA2,44.997242
a1v2J0000038NFMQA2,45.003838
a1v2J0000038NFMQA2,44.97445
a1v2J0000038NFMQA2,44.992813
a1v2J0000038NFMQA2,45.004723
a1v2J0000038NFMQA2,45.03058
a1v2J0000038NFMQA2,45.001595
a1v2J0000038NFMQA2,45.02907
a1v2J0000038NFMQA2,45.03946
a1v2J0000038NFMQA2,45.01679
a1v2J0000038NFMQA2,45.03811
a1v2J0000038NFMQA2,45.04693
a1v2J0000038NFMQA2,45.07629
a1v2J0000038NFMQA2,45.066734
a1v2J0000038NFMQA2,45.093037
a1v2J0000038Rk8QAE,55.00361
a1v2J0000038Rk8QAE,55.00604
a1v2J0000038RybQAE,43.4981
a1v2J0000038RybQAE,43.496964
a1v2J0000038RybQAE,43.50524
a1v2J0000038RybQAE,43.474705
a1v2J0000038RybQAE,43.501175
a1v2J0000038RybQAE,43.508087
a1v2J0000038ZAFQA2,42.24335
a1v2J0000038ZAFQA2,42.23391
a1v2J0000038ZAFQA2,42.26665
a1v2J0000038ZAFQA2,42.25491
a1v2J0000038ZAFQA2,42.261486
a1v2J0000038ZAFQA2,42.25976
a1v2J0000038ZAFQA2,42.268944
a1v2J0000038hS4QAI,42.049286
a1v2J0000038hS4QAI,42.03058
a1v2J0000038hS4QAI,42.06933
a1v2J0000038jQOQAY,42.85556
a1v2J0000038jQOQAY,42.883568
a1v2J0000038jQOQAY,42.87563
a1v2J0000038jQOQAY,42.813606
a1v2J0000038jQOQAY,42.876194
a1v2J0000038jQOQAY,42.87389
a1v2J0000038kkkQAA,43.846237
a1v2J0000038kkkQAA,43.90586
a1v2J0000038kkkQAA,43.844856
a1v2J0000038kkkQAA,43.86979
a1v2J0000038vGFQAY,43.270782
a1v2J0000038vGFQAY,43.255173
a1v2J0000038vGFQAY,43.253716
a1v2J0000038vGFQAY,43.27151
a1v2J0000038vGFQAY,43.25289
a1v2J0000038vGFQAY,43.290863
a1v2J0000038vYiQAI,42.91024
a1v2J0000038vYiQAI,42.974224
a1v2J0000038vYiQAI,42.95865
a1v2J0000038vYiQAI,42.9738
a1v2J0000038vYiQAI,42.967144
a1v2J0000038vYiQAI,42.97267
a1v2J0000038vYiQAI,42.95363
a1v2J00000393NGQAY,34.984764
a1v2J00000393NGQAY,35.142796
a1v2J00000393NGQAY,35.056557
a1v2J00000393NGQAY,35.055458
a1v2J00000393W3QAI,43.474133
a1v2J00000393W3QAI,43.438416
a1v2J00000393W3QAI,43.459217
a1v2J00000393W3QAI,43.459747
a1v2J00000393W3QAI,43.481197
a1v2J00000393W3QAI,43.483147
a1v2J00000393W3QAI,43.48571
a1v2J00000393W3QAI,43.474373
a1v2J00000393W3QAI,43.48752
a1v2J00000393W3QAI,43.494415
a1v2J00000393W3QAI,43.493263
a1v2J0000039ARZQA2,42.580605
a1v2J0000039ARZQA2,42.550735
a1v2J0000039ARZQA2,42.56807
a1v2J0000039C1bQAE,42.62048
a1v2J0000039C1bQAE,42.63079
a1v2J0000039CdVQAU,38.17234
a1v2J0000039CdVQAU,38.211826
a1v2J0000039CdVQAU,38.158157
a1v2J0000039CdVQAU,38.16772
a1v2J0000039CdVQAU,38.18175
a1v2J0000039EO0QAM,40.252556
a1v2J0000039EO0QAM,40.22666
a1v2J0000039EO0QAM,40.285057
a1v2J0000039EO0QAM,40.314598
a1v2J0000039EO0QAM,40.29003
a1v2J0000039EO0QAM,40.313484
a1v2J0000039LGUQA2,39.86596
a1v2J0000039LGUQA2,39.74561
a1v2J0000039LGUQA2,39.760338
a1v2J0000039LGUQA2,39.75013
a1v2J0000039LGUQA2,39.729546
a1v2J0000039LGUQA2,39.645588
a1v2J0000039N1fQAE,39.884583
a1v2J0000039N1fQAE,39.88021
a1v2J0000039N1fQAE,39.72873
a1v2J0000039N1fQAE,39.807167
a1v2J0000039N1fQAE,39.817036
a1v2J0000039OVgQAM,41.72944
a1v2J0000039OVgQAM,41.751053
a1v2J0000039OVgQAM,41.729233
a1v2J0000039OVgQAM,41.856644
a1v2J0000039OVgQAM,41.756187
a1v2J0000039QtuQAE,42.297012
a1v2J0000039QtuQAE,42.3562
a1v2J0000039QzYQAU,38.18753
a1v2J0000039QzYQAU,38.248447
a1v2J0000039QzYQAU,38.186718
a1v2J0000039QzYQAU,38.22924
a1v2J0000039QzYQAU,38.242588
a1v2J0000039RHZQA2,40.298923
a1v2J0000039RHZQA2,40.307133
a1v2J0000039RHZQA2,40.2867
a1v2J0000039RHZQA2,40.293076
a1v2J0000039RHZQA2,40.30968
a1v2J0000039RHZQA2,40.308594
a1v2J0000039RHZQA2,40.287907
a1v2J0000039RHZQA2,40.30233
a1v2J0000039RHZQA2,40.312225
a1v2J0000039RHZQA2,40.301674
a1v2J0000039RHZQA2,40.28306
a1v2J0000039RHZQA2,40.28765
a1v2J0000039RHZQA2,40.29877
a1v2J0000039S7sQAE,42.562614
a1v2J0000039S7sQAE,42.556988
a1v2J0000039S7sQAE,42.551117
a1v2J0000039S7sQAE,42.58799
a1v2J0000039S7sQAE,42.550045
a1v2J0000039S7sQAE,42.563858
a1v2J0000039S7sQAE,42.549255
a1v2J0000039S7sQAE,42.554855
a1v2J0000039S7sQAE,42.602943
a1v2J0000039S7sQAE,42.587086
a1v2J0000039S7sQAE,42.51744
a1v2J0000039S7sQAE,42.58894
a1v2J0000039S7sQAE,42.59317
a1v2J0000039S7sQAE,42.594036
a1v2J0000039UmBQAU,37.974533
a1v2J0000039UmBQAU,37.983078
a1v2J0000039UmBQAU,38.005783
a1v2J0000039UmBQAU,37.986946
a1v2J0000039UmBQAU,37.983063
a1v2J0000039UmBQAU,37.97683
a1v2J0000039UmBQAU,37.991863
a1v2J0000039UmBQAU,37.990047
a1v2J0000039UmBQAU,37.965195
a1v2J0000039UmBQAU,37.977707
a1v2J0000039VZFQA2,37.456738
a1v2J0000039VZFQA2,37.56958
a1v2J0000039VZFQA2,37.4367
a1v2J0000039WfrQAE,38.32369
a1v2J0000039XgFQAU,40.447437
a1v2J0000039XgFQAU,40.44393
a1v2J0000039XgFQAU,40.44147
a1v2J0000039XgFQAU,40.42761
a1v2J0000039XgFQAU,40.435226
a1v2J0000039XgFQAU,40.439087
a1v2J0000039XgFQAU,40.401566
a1v2J0000039XgFQAU,40.427727
a1v2J0000039XgFQAU,40.43407
a1v2J0000039XgFQAU,40.428642
a1v2J0000039XgFQAU,40.45742
a1v2J0000039XgFQAU,40.459175
a1v2J0000039Xv9QAE,39.8517
a1v2J0000039Xv9QAE,39.792747
a1v2J0000039Xv9QAE,39.857246
a1v2J0000039Xv9QAE,39.940556
a1v2J0000039Xv9QAE,39.823242
a1v2J0000039Xz1QAE,41.6202
a1v2J0000039Xz1QAE,41.600277
a1v2J0000039aHqQAI,40.16228
a1v2J0000039aHqQAI,40.139904
a1v2J0000039aHqQAI,40.07207
a1v2J0000039aHqQAI,40.08924
a1v2J0000039aHqQAI,40.079758
a1v2J0000039c5fQAA,39.921177
a1v2J0000039c5fQAA,39.87077
a1v2J0000039c5fQAA,39.873127
a1v2J0000039c5fQAA,39.85183
a1v2J0000039d7rQAA,42.493153
a1v2J0000039d7rQAA,42.490288
a1v2J0000039d7rQAA,42.48088
a1v2J0000039d7rQAA,42.499638
a1v2J0000039d7rQAA,42.50429
a1v2J0000039d7rQAA,42.520035
a1v2J0000039eoHQAQ,40.000397
a1v2J0000039eoHQAQ,40.014725
a1v2J0000039eoHQAQ,40.076103
a1v2J0000039eoHQAQ,40.07434
a1v2J0000039eoHQAQ,40.035698
a1v2J0000039hhOQAQ,43.88479
a1v2J0000039hhOQAQ,43.8789
a1v2J0000039hhOQAQ,43.86495
a1v2J0000039hhOQAQ,43.866943
a1v2J0000039hhOQAQ,43.89964
a1v2J0000039hhOQAQ,43.973694
a1v2J0000039hhOQAQ,43.980515
a1v2J0000039hhOQAQ,43.98819
a1v2J0000039hhOQAQ,43.998394
a1v2J0000039hhOQAQ,44.01564
a1v2J0000039hhOQAQ,43.969814
a1v2J0000039hhOQAQ,44.014984
a1v2J0000039hhOQAQ,44.04886
a1v2J0000039hmnQAA,40.129833
a1v2J0000039hmnQAA,40.032738
a1v2J0000039hmnQAA,39.971413
a1v2J0000039hmnQAA,40.009705
a1v2J0000039hmnQAA,39.998222
a1v2J0000039hmnQAA,39.943092
a1v2J0000039hmnQAA,39.953835
a1v2J0000039hmnQAA,40.026356
a1v2J0000039hnMQAQ,41.391823
a1v2J0000039hnMQAQ,41.289474
a1v2J0000039hnMQAQ,41.263885
a1v2J0000039j8UQAQ,41.696697
a1v2J0000039j8UQAQ,41.69598
a1v2J0000039j8UQAQ,41.70765
a1v2J0000039j8UQAQ,41.732464
a1v2J0000039j8UQAQ,41.67846
a1v2J0000039j8UQAQ,41.69314
a1v2J0000039j8UQAQ,41.69587
a1v2J0000039j8UQAQ,41.706417
a1v2J0000039j8UQAQ,41.693394
a1v2J0000039j8UQAQ,41.73535
a1v2J0000039j8UQAQ,41.713913
a1v2J0000039j8UQAQ,41.739517
a1v2J0000039j8UQAQ,41.76271
a1v2J0000039j8UQAQ,41.741653
a1v2J0000039j8UQAQ,41.74676
a1v2J0000039j8ZQAQ,41.509937
a1v2J0000039j8ZQAQ,41.50647
a1v2J0000039j8ZQAQ,41.508377
a1v2J0000039j8ZQAQ,41.51087
a1v2J0000039j8ZQAQ,41.487682
a1v2J0000039j8ZQAQ,41.515877
a1v2J0000039j8ZQAQ,41.49817
a1v2J0000039j8ZQAQ,41.473373
a1v2J0000039j8ZQAQ,41.53908
a1v2J0000039j8ZQAQ,41.528984
a1v2J0000039j8ZQAQ,41.559685
a1v2J0000039ukIQAQ,43.133648
a1v2J0000039ukIQAQ,43.17545
a1v2J0000039ukIQAQ,43.17781
a1v2J0000039ukIQAQ,43.166924
a1v2J0000039ukIQAQ,43.1791
a1v2J0000039ukIQAQ,43.19117
a1v2J0000039ukIQAQ,43.179737
a1v2J0000039ukIQAQ,43.185257
a1v2J0000039ukIQAQ,43.205154
a1v2J0000039ukIQAQ,43.206375
a1v2J0000039xuPQAQ,41.516586
a1v2J0000039xuPQAQ,41.53279
a1v2J0000039xuPQAQ,41.518368
a1v2J0000039xuPQAQ,41.43856
a1v2J0000039xuPQAQ,41.489754
a1v2J0000039yIDQAY,43.745865
a1v2J0000039yIDQAY,43.748108
a1v2J0000039yIDQAY,43.765465
a1v2J0000039yIDQAY,43.77186
a1v2J0000039yIDQAY,43.780643
a1v2J0000039ybQQAQ,42.179115
a1v2J0000039ybQQAQ,42.170723
a1v2J0000039ybQQAQ,42.167522
a1v2J0000039ybQQAQ,42.182663
a1v2J0000039ybQQAQ,42.18629
a1v2J0000039ybQQAQ,42.204346
a1v2J0000039ybQQAQ,42.18877
a1v2J0000039ybQQAQ,42.18711
a1v2J0000039ybQQAQ,42.1758
a1v2J0000039ybQQAQ,42.212574
a1v2J0000039ybQQAQ,42.214336
a1v2J000003A0XNQA0,37.995995
a1v2J000003A0XNQA0,37.991516
a1v2J000003A0XNQA0,38.02095
a1v2J000003A0XNQA0,38.004982
a1v2J000003A0XNQA0,38.002335
a1v2J000003A0XNQA0,37.975204
a1v2J000003A0XNQA0,38.00792
a1v2J000003A0XNQA0,38.01809
a1v2J000003A0XNQA0,37.98607
a1v2J000003A0XNQA0,38.047287
a1v2J000003A0XNQA0,38.007824
a1v2J000003A0XNQA0,38.009827
a1v2J000003A0ZTQA0,37.942436
a1v2J000003A0ZTQA0,37.90488
a1v2J000003A0fWQAS,37.59985
a1v2J000003A0fWQAS,37.609337
a1v2J000003A0fWQAS,37.627872
a1v2J000003A0fWQAS,37.602203
a1v2J000003A0fWQAS,37.606308
a1v2J000003A0fWQAS,37.615574
a1v2J000003A0fWQAS,37.75364
a1v2J000003A0fWQAS,37.615677
a1v2J000003A139QAC,39.645
a1v2J000003A139QAC,39.76731
a1v2J000003A139QAC,39.745094
a1v2J000003A139QAC,39.755375
a1v2J000003A139QAC,39.73402
a1v2J000003A139QAC,39.729828
a1v2J000003A139QAC,39.76853
a1v2J000003A139QAC,39.741096
a1v2J000003A139QAC,39.792175
a1v2J000003A139QAC,39.788803
a1v2J000003A139QAC,39.78028
a1v2J000003A139QAC,39.82071
a1v2J000003A139QAC,39.811718
a1v2J000003A139QAC,39.814888
a1v2J000003A139QAC,39.866737
a1v2J000003A13YQAS,40.22437
a1v2J000003A13YQAS,40.293076
a1v2J000003A13YQAS,40.274986
a1v2J000003A13YQAS,40.266907
a1v2J000003A13YQAS,40.283142
a1v2J000003A13YQAS,40.306793
a1v2J000003A13YQAS,40.28419
a1v2J000003A13YQAS,40.29544
a1v2J000003A13YQAS,40.319313
a1v2J000003A13YQAS,40.310333
a1v2J000003A13YQAS,40.307285
a1v2J000003AB2dQAG,38.063023
a1v2J000003AB2dQAG,38.068954
a1v2J000003AB2dQAG,38.077766
a1v2J000003AB2dQAG,38.075943
a1v2J000003AB2dQAG,38.129204
a1v2J000003ABY3QAO,39.44648
a1v2J000003ABY3QAO,39.448864
a1v2J000003ABY3QAO,39.546883
a1v2J000003ABY3QAO,39.527897
a1v2J000003ABY3QAO,39.45366
a1v2J000003ABY3QAO,39.530914
a1v2J000003AMwcQAG,39.103455
a1v2J000003AMwcQAG,39.05828
a1v2J000003AMwcQAG,39.086304
a1v2J000003AMwcQAG,39.10607
a1v2J000003AMwcQAG,39.08243
a1v2J000003AMwcQAG,39.089108
a1v2J000003AcCUQA0,37.660606
a1v2J000003AcCUQA0,37.625282
a1v2J000003AcCUQA0,37.63241
a1v2J000003AcCUQA0,37.637688
a1v2J000003AcCUQA0,37.611385
a1v2J000003AcCUQA0,37.60994
a1v2J000003AcCUQA0,37.44128
a1v2J000003AcFxQAK,37.226818
a1v2J000003AcFxQAK,37.231216
a1v2J000003AcFxQAK,37.25375
a1v2J000003AesmQAC,38.9981
a1v2J000003AesmQAC,38.996704
a1v2J000003AesmQAC,39.037697
a1v2J000003AesmQAC,39.00379
a1v2J000003AesmQAC,39.00578
a1v2J000003AesmQAC,39.029808
a1v2J000003AesmQAC,39.047028
a1v2J000003AesmQAC,39.05296
a1v2J000003AesmQAC,39.06849
a1v2J000003AesmQAC,39.039932
a1v2J000003AesmQAC,39.06393
a1v2J000003AesmQAC,39.058685
a1v2J000003AesmQAC,39.10415
a1v2J000003AesmQAC,39.053093
a1v2J000003AesmQAC,39.093727
a1v2J000003Ag2iQAC,35.760525
a1v2J000003Ag2iQAC,35.737946
a1v2J000003Ag2iQAC,35.942806
a1v2J000003Ag2iQAC,35.955524
a1v2J000003Ag2iQAC,35.960873
a1v2J000003Ag2iQAC,35.95074
a1v2J000003Ag2iQAC,35.96766
a1v2J000003Ag2iQAC,35.95671
a1v2J000003Ag2iQAC,35.96362
a1v2J000003Ag2iQAC,35.977345
a1v2J000003AiM4QAK,38.707397
a1v2J000003AiM4QAK,38.727325
a1v2J000003AiM4QAK,38.708694
a1v2J000003AiM4QAK,38.705383
a1v2J000003AiM4QAK,38.682335
a1v2J000003B12FQAS,36.738388
a1v2J000003B12FQAS,36.72965
a1v2J000003B12FQAS,36.695976
a1v2J000003B12FQAS,36.732384
a1v2J000003B12FQAS,36.746727
a1v2J000003B12FQAS,36.753654
a1v2J000003B12FQAS,36.713627
a1v2J000003B12FQAS,36.72959
a1v2J000003B12FQAS,36.723713
a1v2J000003B12FQAS,36.78034
a1v2J000003B12KQAS,35.359432
a1v2J000003B12KQAS,35.33703
a1v2J000003B12KQAS,35.517693
a1v2J000003B12KQAS,35.518024
a1v2J000003B12KQAS,35.48832
a1v2J000003B12KQAS,35.553894
a1v2J000003B12KQAS,35.596313
a1v2J000003B12KQAS,35.51924
a1v2J000003B12KQAS,35.598335
a1v2J000003B12KQAS,35.558334
a1v2J000003B12KQAS,35.59987
a1v2J000003B12KQAS,35.582973
a1v2J000003B12KQAS,35.618965
a1v2J000003B12KQAS,35.5953
a1v2J000003B12KQAS,35.612907
a1v2J000003B12KQAS,35.594673
a1v2J000003B12KQAS,35.602528
a1v2J000003B12KQAS,35.633636
a1v2J000003B12KQAS,35.593056
a1v2J000003B12KQAS,35.621574
a1v2J000003B12KQAS,35.592583
a1v2J000003B12UQAS,37.12246
a1v2J000003B12UQAS,37.128044
a1v2J000003B12UQAS,37.153942
a1v2J000003Ef8HQAS,27.906925
a1v2J000003Ef8HQAS,27.909925
a1v2J000003Ef8HQAS,27.920853
a1v2J000003Ef8HQAS,27.924028
a1v2J000003Eh4TQAS,28.538094
a1v2J000003Eh4TQAS,28.554474
a1v2J000003Eh4TQAS,28.539246
a1v2J000003Eh4TQAS,28.530277
a1v2J000003Eh4TQAS,28.54134
a1v2J000003Eh4TQAS,28.542665
a1v2J000003F2H6QAK,29.170933
a1v2J000003F2H6QAK,29.18256
a1v2J000003F2H6QAK,29.162683
a1v2J000003F2H6QAK,29.16974
a1v2J000003F5NAQA0,27.648916
a1v2J000003F5NAQA0,27.66951
a1v2J000003F5NAQA0,27.629766
a1v2J000003F5NAQA0,27.659138
a1v2J000003F5NAQA0,27.686003
a1v2J000003LN4yQAG,26.099619
a1v2J000003La7CQAS,25.852215
a1v2J000003La7CQAS,25.839104
a1v2J000003La7CQAS,25.847584
a1v2J000003La7CQAS,25.83639
a1v2J000003La7CQAS,25.800821
a1v2J000003La7CQAS,25.862328
a1v2J000003La7CQAS,25.852764
a1v2J000003La7CQAS,25.784367
a1v2J000003La7CQAS,25.84576
a1v2J000003LwEuQAK,24.905455
a1v2J000003LwEuQAK,24.912327
a1v2J000003LwEuQAK,24.946918
a1v2J000003LwEuQAK,24.909557
a1v2J000003LwEuQAK,24.923542
a1v2J000003LwEuQAK,24.923115
a1v2J000003LwEuQAK,24.923794
a1v2J000003LwEuQAK,24.914503
a1v2J000003LwEuQAK,24.916386
a1v2J000003LwEuQAK,24.928375
a1v2J000003LwEuQAK,24.929646
a1v2J000003LwEuQAK,24.930319
a1v2J000003LwEuQAK,24.927778
a1v2J000003M3qvQAC,25.23231
a1v2J000003M3qvQAC,25.227903
a1v2J000003M3qvQAC,25.231222
a1v2J000003M3qvQAC,25.22613
a1v2J000003M3qvQAC,25.164848
a1v2J000003M3qvQAC,25.22211
a1v2J000003M3qvQAC,25.229855
a1v2J000003MVJIQA4,30.351334
a1v2J000003Mx1xQAC,24.348877
a1v2J000003Mx1xQAC,24.372309
a1v2J000003Mx1xQAC,24.36353
a1v2J000003Mx1xQAC,24.405346
a1v2J000003Mx1xQAC,24.385662
a1v2J000003Mx1xQAC,24.399767
a1v2J000003Mx1xQAC,24.396793
a1v2J000003Mx1xQAC,24.398567
a1v2J000003Mx1xQAC,24.421022
a1v2J000003Ne4rQAC,23.579306
a1v2J000003Ne4rQAC,23.604237
a1v2J000003Ne4rQAC,23.591318
a1v2J000003Ne4rQAC,23.601946
a1v2J000003Ne9OQAS,26.071686
a1v2J000003Ne9OQAS,26.056265
a1v2J000003Ne9OQAS,26.081413
a1v2J000003Ne9OQAS,26.03579
a1v2J000003Ne9OQAS,26.049828
a1v2J000003S53WQAS,35.999413
a1v2J000003S53WQAS,36.015205
a1v2J000003S53WQAS,36.019142
a1v2J000003S53WQAS,35.96549
a1v2J000003S53WQAS,35.997375
a1v2J000003S53WQAS,36.009174
a1v2J000003S53WQAS,36.110302
a1v2J000003S53WQAS,36.01212
a1v2J000003S53WQAS,36.085022
a1v2J000003S53WQAS,36.058136
a1v2J000003S53WQAS,35.961014
a1v2J000003SJAwQAO,35.34529
a1v2J000003SJAwQAO,35.465336
a1v2J000003SJAwQAO,35.34176
a1v2J000003SJAwQAO,35.368706
a1v2J000003SJAwQAO,35.35402
a1v2J000003SJAwQAO,35.357162
a1v2J000003SJAwQAO,35.268486
a1v2J000003SJAwQAO,35.335625
a1v2J000003SJLVQA4,36.880074
a1v2J000003SJLVQA4,36.872715
a1v2J000003SJLVQA4,36.853428
a1v2J000003SJLVQA4,36.880276
a1v2J000003SW0iQAG,35.513992
a1v2J000003SW0iQAG,35.51293
a1v2J000003SW0iQAG,35.527306
a1v2J000003SW0iQAG,35.509335
a1v2J000003SW0iQAG,35.51547
a1v2J000003SW0iQAG,35.522705
a1v2J000003SW0iQAG,35.529385
a1v2J000003SW0iQAG,35.530663
a1v2J000003SbuYQAS,34.778477
a1v2J000003SbuYQAS,34.784874
a1v2J000003SbuYQAS,34.78277
a1v2J000003SbuYQAS,34.772552
a1v2J000003SbuYQAS,34.783806
a1v2J000003SbulQAC,35.648808
a1v2J000003SbulQAC,35.642822
a1v2J000003SbulQAC,35.67047
a1v2J000003SbulQAC,35.672955
a1v2J000003SbulQAC,35.692894
a1v2J000003SbvAQAS,36.961052
a1v2J000003SbvAQAS,37.025192
a1v2J000003SbvAQAS,36.982952
a1v2J000003SbvAQAS,37.010895
a1v2J000003SbvAQAS,37.02077
a1v2J000003SbvAQAS,36.97908
a1v2J000003SbvAQAS,37.02321
a1v2J000003SbvAQAS,37.017403
a1v2J000003SbvAQAS,37.02711
a1v2J000003SbvAQAS,37.06579
a1v2J000003SbvAQAS,37.054638
a1v2J000003SbvAQAS,37.057804
a1v2J000003SbvAQAS,37.02571
a1v2J000003SbvAQAS,37.08455
a1v2J000003SbvAQAS,37.04911
a1v2J000003SbvAQAS,37.046616
a1v2J000003SbvAQAS,37.101833
a1v2J000003SyNCQA0,35.339745
a1v2J000003SyNCQA0,35.269966
a1v2J000003SyNCQA0,35.304405
a1v2J000003SyNCQA0,35.268196
a1v2J000003SyNCQA0,35.304626
a1v2J000003SyNCQA0,35.26248
a1v2J000003SyNCQA0,35.371895
a1v2J000003SyNCQA0,35.259125
a1v2J000003SyNCQA0,35.30035
a1v2J000003SyNCQA0,35.36342
a1v2J000003SyNCQA0,35.37941
a1v2J000003T24MQAS,34.420105
a1v2J000003T24MQAS,34.439175
a1v2J000003T24MQAS,34.44136
a1v2J000003T24MQAS,34.454517
a1v2J000003T24MQAS,34.461277
a1v2J000003T24MQAS,34.45308
a1v2J000003T2PZQA0,35.464783
a1v2J000003T2PZQA0,35.472687
a1v2J000003T2PZQA0,35.44338
a1v2J000003T2PZQA0,35.443253
a1v2J000003T2PZQA0,35.465168
a1v2J000003TPWNQA4,33.208427
a1v2J000003TPWNQA4,33.213932
a1v2J000003TPWNQA4,33.228195
a1v2J000003TPWNQA4,33.224205
a1v2J000003TPWNQA4,33.215878
a1v2J000003TPWNQA4,33.21729
a1v2J000003TPWNQA4,33.223324
a1v2J000003TPWNQA4,33.22
a1v2J000003TPWNQA4,33.22757
a1v2J000003TPWNQA4,33.220913
a1v2J000003TPWNQA4,33.239094
a1v2J000003TPWNQA4,33.215614
a1v2J000003TRhXQAW,33.962215
a1v2J000003TRhXQAW,33.972908
a1v2J000003TRhXQAW,33.9489
a1v2J000003TRhXQAW,33.962734
a1v2J000003TRhXQAW,33.95475
a1v2J000003TSedQAG,29.634329
a1v2J000003TSedQAG,29.554783
a1v2J000003TSedQAG,29.012695
a1v2J000003TSedQAG,29.622387
a1v2J000003TSedQAG,29.492657
a1v2J000003TSedQAG,29.525003
a1v2J000003TSedQAG,29.561531
a1v2J000003TSedQAG,29.549465
a1v2J000003TSedQAG,29.579868
a1v2J000003TaCwQAK,33.439064
a1v2J000003TaCwQAK,33.398556
a1v2J000003TaCwQAK,33.44064
a1v2J000003TaCwQAK,33.444576
a1v2J000003TaCwQAK,33.450672
a1v2J000003TaCwQAK,33.433548
a1v2J000003TaCwQAK,33.43904
a1v2J000003TaCwQAK,33.443153
a1v2J000003TaCwQAK,33.44535
a1v2J000003TaCwQAK,33.479362
a1v2J000003TaCwQAK,33.493847
a1v2J000003TaCwQAK,33.468086
a1v2J000003TaCwQAK,33.437305
a1v2J000003TaCwQAK,33.492516
a1v2J000003TaCwQAK,33.36462
a1v2J000003TaCwQAK,33.50618
a1v2J000003TaCwQAK,33.509132
a1v2J000003TaCwQAK,33.46557
a1v2J000003TaCwQAK,33.53723
a1v2J000003Th1OQAS,32.09306
a1v2J000003Th1OQAS,32.068283
a1v2J000003Th1OQAS,32.065037
a1v2J000003Th1OQAS,32.07161
a1v2J000003Th1OQAS,32.056236
a1v2J000003Th1OQAS,32.06268
a1v2J000003Th1OQAS,32.062172
a1v2J000003Th1OQAS,32.07516
a1v2J000003TkJqQAK,31.885891
a1v2J000003TkJqQAK,31.8686
a1v2J000003TkJqQAK,31.866276
a1v2J000003TkJqQAK,31.864225
a1v2J000003TkJqQAK,31.864258
a1v2J000003TkJqQAK,31.880014
a1v2J000003TkJqQAK,31.88211
a1v2J000003U5Z8QAK,31.31894
a1v2J000003U5Z8QAK,31.332874
a1v2J000003U5Z8QAK,31.344374
a1v2J000003U5Z8QAK,31.34407
a1v2J000003U5Z8QAK,31.344765
a1v2J000003U5Z8QAK,31.359482
a1v2J000003U5Z8QAK,31.357258
a1v2J000003U5Z8QAK,31.327663
a1v2J000003U5Z8QAK,31.352713
a1v2J000003U5Z8QAK,31.369812
a1v2J000003U5Z8QAK,31.357407
a1v2J000003U5Z8QAK,31.36818
a1v2J000003U5Z8QAK,31.366814
a1v2J000003U5Z8QAK,31.391617
a1v2J000003WK7aQAG,27.017063
a1v2J000003WK7aQAG,27.060661
a1v2J000003WK7aQAG,27.084192
a1v2J000003WK7aQAG,27.091637
a1v2J000003WK7aQAG,27.174936
a1v2J000003WK7aQAG,27.20765
a1v2J000003WK7aQAG,27.050423
a1v2J000003WK7aQAG,27.074497
a1v2J000003WK7aQAG,27.078583
a1v2J000003WK7aQAG,27.084694
a1v2J000003WK7aQAG,27.075415
a1v2J000003WK7aQAG,27.082125
a1v2J000003WglKQAS,27.150784
a1v2J000003WglKQAS,27.1731
a1v2J000003WglKQAS,27.11719
a1v2J000003WgnvQAC,27.717663
a1v2J000003WgnvQAC,27.740381
a1v2J000003WgnvQAC,27.712326
a1v2J000003WgnvQAC,27.745245
a1v2J000003WgnvQAC,27.753796
a1v2J000003WgnvQAC,27.760017
a1v2J000003WgnvQAC,27.742989
a1v2J000003WgnvQAC,27.746067
a1v2J000003WgnvQAC,27.777163
a1v2J000003Ws54QAC,27.631111
a1v2J000003Ws54QAC,27.62949
a1v2J000003Ws54QAC,27.62581
a1v2J000003Ws54QAC,27.629288
a1v2J000003Ws54QAC,27.638533
a1v2J000003Ws54QAC,27.640991
a1v2J000003Ws54QAC,27.651983
a1v2J000003Ws54QAC,27.645882
a1v2J000003Ws54QAC,27.644096
a1v2J000003Ws54QAC,27.6477
a1v2J000003Ws54QAC,27.64864
a1v2J000003Ws54QAC,27.648193
a1v2J000003Ws54QAC,27.659931
a1v2J000003Ws54QAC,27.659569
a1v2J000003YCp8QAG,22.855637
a1v2J000003nvC4QAI,21.221066
a1v2J000003nvC4QAI,21.218258
a1v2J000003nvC4QAI,21.23502
a1v2J000003nvC4QAI,21.241936
a1v2J000003nvC4QAI,21.243788
a1v2J000003nvC4QAI,21.288986
a1v2J000003nvC4QAI,21.247303
a1v2J000003nvC4QAI,21.242435
a1v2J000003nvC4QAI,21.248707
a1v2J000003nvC4QAI,21.239447
a1v2J000003nvC4QAI,21.24127
a1v2J000003nvC4QAI,21.303911
a1v2J000003nvC4QAI,21.253586
a1v2J000003nvC4QAI,21.258759
a1v2J000003nvC4QAI,21.283043
a1v2J000003nvC4QAI,21.261341
a1v2J000003nvC4QAI,21.237865
a1v2J000003ubk8QAA,19.873611
a1v2J000003ubk8QAA,19.877335
a1v2J000003vJjgQAE,20.42915
a1v2J000003vJjgQAE,20.466328
a1v2J000003vJjgQAE,20.46694
a1v2J000003vJjgQAE,20.434668
a1v2J000003vJjgQAE,20.525112
a1v2J000003zYtrQAE,20.289738
a1v2J000003zYtrQAE,20.284702
a1v2J000003zYtrQAE,20.291998
a1v2J000003zYtrQAE,20.33994
a1v2J000003zYtrQAE,20.314398
a1v2J0000041KK9QAM,20.1679
a1v2J0000041KK9QAM,20.149603
a1v2J0000041KK9QAM,20.172306
a1v2J0000041KK9QAM,20.177822
a1v2J0000041KK9QAM,20.16069
a1v2J0000041KK9QAM,20.180895
a1v2J0000041KK9QAM,20.168137
a1v2J0000042K73QAE,19.902369
a1v2J0000042K73QAE,19.921463
a1v2J0000042K73QAE,19.93507
a1v2J0000042K73QAE,19.927195
a1v2J0000042K73QAE,19.924057
a1v2J0000042K73QAE,19.936954
a1v2J0000042K73QAE,19.914333
a1v2J0000049MQVQA2,18.329634
a1v2J0000049MQVQA2,18.333874
a1v2J0000049MQVQA2,18.30735
a1v2J0000049MQVQA2,18.330532
a1v2J0000049MQVQA2,18.348085
a1v2J0000049MQVQA2,18.298538
a1v2J0000049MQVQA2,18.334671
a1v2J0000049MQVQA2,18.404573
a1v2J0000049MQVQA2,18.35036
a1v2J0000049MQVQA2,18.342571
a1v2J0000049MQVQA2,18.335817
a1v2J000004C7zDQAS,17.946285
a1v2J000004C7zDQAS,17.903093
a1v2J000004C7zDQAS,17.927917
a1v2J000004C7zDQAS,17.897839
a1v2J000004C7zDQAS,17.920025
a1v2J000004C7zDQAS,17.923862
a1v2J000004C7zDQAS,17.900223
a1v2J000004C7zDQAS,17.876343
a1v2J000004C7zDQAS,17.935364
a1v2J000004C7zDQAS,17.9473
a1v2J000004GFa7QAG,17.216585
a1v2J000004GFa7QAG,17.186623
a1v2J000004GFa7QAG,17.20843
a1v2J000004GFa7QAG,17.220015
a1v2J000004GFa7QAG,17.206541
a1v2J000004GFa7QAG,17.22108
a1v2J000004GFa7QAG,17.182842
a1v2J000004GFa7QAG,17.196308
a1v2J000004XMeMQAW,15.2423725
a1v2J000004XMeMQAW,15.224058
a1v2J000004XMeMQAW,15.210898
a1v2J000004XMeMQAW,15.231359
a1v2J000004XMeMQAW,15.271657
a1v2J000004XMeMQAW,15.248201
a1v2J000004XMeMQAW,15.231081
a1v2J000004XMkeQAG,16.384102
a1v2J000004XMkeQAG,16.378323
a1v2J000004XMkeQAG,16.360592
a1v2J000004Xpg0QAC,16.29274
a1v2J000004Xpg0QAC,16.295788
a1v2J000004Xpg0QAC,16.303009
a1v2J000004Xpg0QAC,16.328022
a1v2J000004Xpg0QAC,16.288078
a1v2J000004Xpg0QAC,16.29654
a1v2J000004Z9KYQA0,15.906609
a1v2J000004Z9KYQA0,15.90558
a1v2J000004Z9KYQA0,15.902878
a1v2J000004Z9KYQA0,15.892455
a1v2J000004Z9KYQA0,15.911313
a1v2J000004Z9KYQA0,15.909176
a1v2J000004ZaSAQA0,15.819521
a1v2J000004ZaSAQA0,15.819624
a1v2J000004ZaSAQA0,15.8178215
a1v2J000004ZaSAQA0,15.817486
a1v2J000004ZaSAQA0,15.7882
a1v2J000004ZaSAQA0,15.813683
a1v2J000004ZaSAQA0,15.830412
a1v2J000004ZaVTQA0,16.069157
a1v2J000004ZaVTQA0,16.089336
a1v2J000004ZaVTQA0,16.058155
a1v2J000004ZaVTQA0,16.082722
a1v2J000004ZaVTQA0,15.973862
a1v2J000004ZaVTQA0,16.084675
a1vHt000004akaKIAQ,15.061042
a1vHt000004akaKIAQ,15.018536
a1vHt000004akaKIAQ,14.981316
a1vHt000004akaKIAQ,15.106057
a1vHt000004akaKIAQ,15.086362
a1vHt000004akaKIAQ,15.052481
a1vHt000004fZcCIAU,11.436964
a1vHt000004fZcCIAU,11.436224
a1vHt000004fZcCIAU,11.457819
a1vHt000004fZgTIAU,11.320888
a1vHt000004fZgTIAU,11.303211
a1vHt000004fZgTIAU,11.321725
a1vHt000004fZgTIAU,11.313334
a1vHt000004fZgTIAU,11.3337
a1vHt000004fZgTIAU,11.328827
a1vHt000004fZgTIAU,11.300692
a1vHt000004g7f9IAA,10.964831
a1vHt000004g7f9IAA,10.96898
a1vHt000004g7f9IAA,10.982336
a1vHt000004kUnAIAU,15.413025
a1vHt000004kUnAIAU,15.363099
a1vHt000004kUnAIAU,15.36496
a1vHt000004kUnAIAU,15.366325
a1vHt000004kUnAIAU,15.363371
a1vHt000004kUnAIAU,15.369361
a1vHt000004kUnAIAU,15.374117
a1vHt000004kUnAIAU,15.332583
a1vHt000004sD51IAE,14.546071
a1vHt000004vLpaIAE,13.504413
a1vHt000004vLpaIAE,13.502704
a1vHt000004vLpaIAE,13.501003
a1vHt000004vLpaIAE,13.500085
a1vHt000004vLpaIAE,13.513273
a1vHt000004vLpaIAE,13.505163
a1vHt000004vLpaIAE,13.496742
a1vHt000004vLpaIAE,13.534643
a1vHt000004wIuAIAU,11.482153
a1vHt000004wIuAIAU,11.497353
a1vHt000004wIuAIAU,11.490087
a1vHt000004wIuAIAU,11.506979
a1vHt0000055ZkbIAE,13.372114
a1vHt0000055ZkbIAE,13.370699
a1vHt0000055ZkbIAE,13.359461
a1vHt0000055ZkbIAE,13.366548
a1vHt0000055ZkbIAE,13.390698
a1vHt0000055ZkbIAE,13.398569
a1vHt0000055ZkbIAE,13.371471
a1vHt0000055ZkbIAE,13.392773
a1vHt0000055ZkbIAE,13.3448
a1vHt0000057OOJIA2,12.733372
a1vHt0000057XTUIA2,13.338205
a1vHt0000057XTUIA2,13.3331
a1vHt0000057XTUIA2,13.344996
a1vHt0000057XTUIA2,13.344685
a1vHt0000057XTUIA2,13.360137
a1vHt0000057XTUIA2,13.361071
a1vHt0000057XTUIA2,13.362818
a1vHt0000059TVzIAM,12.835609
a1vHt0000059TVzIAM,12.830595
a1vHt0000059TVzIAM,12.804644
a1vHt0000059TVzIAM,12.823248
a1vHt0000059TVzIAM,12.819838
a1vHt0000059TVzIAM,12.7918215
a1vHt0000059TVzIAM,12.795544
a1vHt000005BXMnIAO,12.333534
a1vHt000005BXMnIAO,12.3786955
a1vUX0000009FvtYAE,10.371175
a1vUX0000009FvtYAE,10.361242
a1vUX0000009FvtYAE,10.379094
a1vUX0000009FvtYAE,10.372835
a1vUX0000009FvtYAE,10.3129635
a1vUX000000DcnRYAS,9.1206875
a1vUX000000DcnRYAS,9.151644
a1vUX000000DcnRYAS,9.14879
a1vUX000000DcnRYAS,9.148748
a1vUX000000U9QrYAK,7.8177915
a1vUX000000U9QrYAK,7.8330584
a1vUX000000U9QrYAK,7.8089952
a1vUX000000U9QrYAK,7.8121448
a1vUX000000al0PYAQ,7.8525825
a1vUX000000al0PYAQ,7.9159136
a1vUX000000al0PYAQ,7.896489
